,acc_x,acc_y,acc_z,offset
0,-0.9451387993440763,-4.446484606013751,9.112225619910824,2021-06-15 16:49:37.486
1,-0.9232249087321114,-4.452579572818929,9.298184313833758,2021-06-15 16:49:37.366
2,-0.6233851865780184,-4.350642690397354,9.030288338292923,2021-06-15 16:49:37.356
3,-0.47822137424392075,-4.33955220276642,9.085737241386031,2021-06-15 16:49:37.256
4,-0.8070703584740802,-4.3801276181500235,9.069647615113816,2021-06-15 16:49:37.157
5,-0.7289362093110603,-4.3763422858302,9.259447107088636,2021-06-15 16:49:36.957
6,-0.7259625352636467,-4.231016400764635,9.15994927041959,2021-06-15 16:49:36.946
7,-0.688585940529945,-4.159076157033731,9.253120912797627,2021-06-15 16:49:36.746
8,-0.6365047950012266,-3.901193854671876,9.339249185248462,2021-06-15 16:49:36.637
9,-0.6711356254800664,-3.611678822481,9.346160225082436,2021-06-15 16:49:36.536
10,-0.7821630356273837,-3.124971453175471,9.426797415041761,2021-06-15 16:49:36.527
11,-0.7131017550960168,-3.1640641839897254,9.399992495523952,2021-06-15 16:49:36.327
12,-0.6569401177692407,-3.2285441615275556,9.464655214691307,2021-06-15 16:49:36.326
13,-0.6705507793260803,-3.095410503666845,9.467663370706266,2021-06-15 16:49:36.226
14,-0.7379918377796075,-3.039256100454697,9.474615367417329,2021-06-15 16:49:36.026
15,-0.6241163356213872,-3.0472018793138935,9.522123640076236,2021-06-15 16:49:36.016
16,-0.6892643825153753,-2.3748834589607073,9.734259806852075,2021-06-15 16:49:35.816
17,-0.6527970617224617,-1.865465999346124,9.639141908343403,2021-06-15 16:49:35.706
18,-0.6004748485015095,-2.3326526707222808,9.654221181582871,2021-06-15 16:49:35.696
19,-0.7337285065256283,-2.592830822349822,9.55776344805106,2021-06-15 16:49:35.596
20,-0.6771310050360941,-2.3150805353335095,9.741602440436044,2021-06-15 16:49:35.397
21,-0.5885278609569646,-2.3436373341232253,9.538924822321045,2021-06-15 16:49:35.296
22,-0.6807688166473846,-2.4334288275107094,9.621694909018839,2021-06-15 16:49:35.286
23,-0.6173763046321945,-2.422785833364082,9.639479677156988,2021-06-15 16:49:35.086
24,-0.6167451415394054,-2.405433911155571,9.642316916614648,2021-06-15 16:49:34.977
25,-0.6547392170739583,-2.3615283159161993,9.634793752498123,2021-06-15 16:49:34.867
26,-0.6510868096400997,-2.3939231387852553,9.648251406918918,2021-06-15 16:49:34.766
27,-0.6569123569813067,-2.40955972336188,9.66032393367198,2021-06-15 16:49:34.756
28,-0.6424110192664536,-2.3457213258862537,9.64649787799353,2021-06-15 16:49:34.656
29,-0.6464978085792594,-2.354771944402791,9.668414447415335,2021-06-15 16:49:34.456
30,-0.6582671336756314,-2.3755690138089016,9.662861117022377,2021-06-15 16:49:34.446
31,-0.6295538368864875,-2.3372607229180744,9.648465156128092,2021-06-15 16:49:34.347
32,-0.6843929301251235,-2.325971541512293,9.605761711745382,2021-06-15 16:49:34.247
33,-0.6565463044669351,-2.3537109213116665,9.62173094384335,2021-06-15 16:49:34.047
34,-0.6152014244933997,-2.3548525003995,9.647800869508641,2021-06-15 16:49:34.036
35,-0.6557542628051778,-2.3268488168840027,9.635063472963262,2021-06-15 16:49:33.836
36,-0.6772529980451232,-2.3444089225422453,9.644203185654808,2021-06-15 16:49:33.836
37,-0.6845035241033395,-2.3315536532755603,9.621743703857579,2021-06-15 16:49:33.726
38,-0.6829965129061919,-2.3338590059127187,9.732491560181332,2021-06-15 16:49:33.626
39,-0.62413863091924,-2.3247530813049555,9.675825516784029,2021-06-15 16:49:33.526
40,-0.6432711486487288,-2.358179547788057,9.62994519390631,2021-06-15 16:49:33.426
41,-0.6486886644603447,-2.387530793895578,9.642968992005434,2021-06-15 16:49:33.316
42,-0.6443569045375486,-2.325940436424223,9.667380780719144,2021-06-15 16:49:33.216
43,-0.6358640723522417,-2.305662889746294,9.684923269953934,2021-06-15 16:49:33.117
44,-0.644467090127596,-2.3345812504128722,9.609128156406912,2021-06-15 16:49:33.016
45,-0.6488231638818682,-2.3418807828527486,9.596148238909235,2021-06-15 16:49:32.916
46,-0.6657530819837634,-2.3188014894797604,9.68909275123806,2021-06-15 16:49:32.816
47,-0.6709374576428424,-2.316300642128947,9.709298251599929,2021-06-15 16:49:32.706
48,-0.65167383546114,-2.371387372191589,9.660063835277695,2021-06-15 16:49:32.608
49,-0.585724442411343,-2.36474457963699,9.649212439870654,2021-06-15 16:49:32.497
50,-0.6315959658881989,-2.3811977284916606,9.594370187541198,2021-06-15 16:49:32.397
51,-0.6650094713622117,-2.3685731650452384,9.694309774503996,2021-06-15 16:49:32.297
52,-0.633534092984904,-2.3774748261047174,9.660932496892467,2021-06-15 16:49:32.198
53,-0.6678170921828339,-2.384211703761847,9.590555897960629,2021-06-15 16:49:32.097
54,-0.6886227113377585,-2.359804522178221,9.668157712686082,2021-06-15 16:49:31.997
55,-0.6689751586119734,-2.3743146572245335,9.631305018189952,2021-06-15 16:49:31.887
56,-0.5983522086659003,-2.3780980956210303,9.660958273401704,2021-06-15 16:49:31.788
57,-0.6106482119271084,-2.3747052699588256,9.624758129689111,2021-06-15 16:49:31.677
58,-0.6497561540899459,-2.373622655032855,9.65714465182027,2021-06-15 16:49:31.577
59,-0.6200600675938837,-2.3891938258831833,9.666975462710212,2021-06-15 16:49:31.477
60,-0.603502355064601,-2.3364948652847635,9.690517256532019,2021-06-15 16:49:31.378
61,-0.6395242033982511,-2.3498179160824084,9.610297066281802,2021-06-15 16:49:31.277
62,-0.6448231671186833,-2.3896446992956313,9.653017355779443,2021-06-15 16:49:31.167
63,-0.6665004494407665,-2.30883428280106,9.616174863440916,2021-06-15 16:49:31.057
64,-0.6202348592241929,-2.343626836709876,9.67320545180295,2021-06-15 16:49:30.957
65,-0.6203273374799296,-2.367540235755069,9.665928454548064,2021-06-15 16:49:30.847
66,-0.6280643130548194,-2.327352494791994,9.634003704786885,2021-06-15 16:49:30.738
67,-0.6628563198354511,-2.3221126866919217,9.658188156782558,2021-06-15 16:49:30.637
68,-0.6534308089587664,-2.359642285153828,9.673479223799987,2021-06-15 16:49:30.537
69,-0.6326137413711919,-2.3603031678666797,9.70925867048394,2021-06-15 16:49:30.427
70,-0.6714130947012291,-2.2943001584740204,9.556659982559317,2021-06-15 16:49:30.327
71,-0.6259297244598492,-2.352110146246794,9.679886981167442,2021-06-15 16:49:30.217
72,-0.6443390466665004,-2.3412127066999533,9.718355470145582,2021-06-15 16:49:30.107
73,-0.662996610781597,-2.333110200779589,9.584048794069137,2021-06-15 16:49:30.007
74,-0.6598834164783693,-2.355885142012504,9.676181242307242,2021-06-15 16:49:29.907
75,-0.6590190412332884,-2.3992888451767724,9.670711082683098,2021-06-15 16:49:29.798
76,-0.6730656942920958,-2.330561845819952,9.601009363548323,2021-06-15 16:49:29.697
77,-0.6800688257456315,-2.3409308984420756,9.569004474453623,2021-06-15 16:49:29.597
78,-0.651796772299692,-2.394598727616014,9.711134736912976,2021-06-15 16:49:29.497
79,-0.6228302513822614,-2.4154749732759053,9.699022337638182,2021-06-15 16:49:29.397
80,-0.6700003126792775,-2.340420902095343,9.626279446327896,2021-06-15 16:49:29.297
81,-0.6693345913061455,-2.3796333024568175,9.548747397488821,2021-06-15 16:49:29.197
82,-0.6510066699767325,-2.38763891719524,9.69061680654942,2021-06-15 16:49:29.098
83,-0.6391205235499722,-2.3972193135919553,9.692015255268904,2021-06-15 16:49:28.987
84,-0.7017362171153214,-2.351943062725906,9.521969529417253,2021-06-15 16:49:28.877
85,-0.6873060963426811,-2.3770350542326266,9.678288018645768,2021-06-15 16:49:28.777
86,-0.6414298936396405,-2.4195026386919323,9.636873310274574,2021-06-15 16:49:28.677
87,-0.6370903045937986,-2.37397012445708,9.70696403203528,2021-06-15 16:49:28.577
88,-0.6345706288041661,-2.367327292213697,9.542525697189808,2021-06-15 16:49:28.477
89,-0.6580986474690109,-2.382117133445647,9.719036750941196,2021-06-15 16:49:28.378
90,-0.6190991399767622,-2.371938570421295,9.662248999798095,2021-06-15 16:49:28.268
91,-0.6506001545581723,-2.3317067152528463,9.598972159129234,2021-06-15 16:49:28.157
92,-0.6330377365669051,-2.311413899272489,9.69118264753147,2021-06-15 16:49:28.057
93,-0.6594356692558971,-2.456006857228154,9.757060944923554,2021-06-15 16:49:27.947
94,-0.7380825010341427,-2.3950118301509082,9.609609836628293,2021-06-15 16:49:27.848
95,-0.6899551685973648,-2.400007078466327,9.625413568291407,2021-06-15 16:49:27.747
96,-0.7709449643036945,-2.4639275047104285,9.654532615238155,2021-06-15 16:49:27.647
97,-0.6721731659371055,-2.391511236201724,9.57757598046295,2021-06-15 16:49:27.526
98,-0.7791181142162111,-2.392479448459049,9.639619808972778,2021-06-15 16:49:27.417
99,-0.7739621017994613,-2.470042963341551,9.621890306896452,2021-06-15 16:49:27.316
100,-0.7898280406087508,-2.4111273985944646,9.574213252470976,2021-06-15 16:49:27.206
101,-0.720692412263872,-2.407975522150041,9.5779442933547,2021-06-15 16:49:27.107
102,-0.7740728376749897,-2.475625362781983,9.637873246165977,2021-06-15 16:49:26.997
103,-0.7501962111247182,-2.4501848941326103,9.687092810563389,2021-06-15 16:49:26.896
104,-0.7938565005068925,-2.435366860390904,9.59405286325408,2021-06-15 16:49:26.786
105,-0.7585302282532294,-2.4808549162301787,9.646196078250501,2021-06-15 16:49:26.686
106,-0.747401861993017,-2.47819484723576,9.643615014298662,2021-06-15 16:49:26.586
107,-0.7931952493368579,-2.415658292290672,9.612776822060098,2021-06-15 16:49:26.486
108,-0.755837953871934,-2.444014556875303,9.531400108989228,2021-06-15 16:49:26.386
109,-0.8216030478600178,-2.4923802731755846,9.615552335375252,2021-06-15 16:49:26.276
110,-0.7535435445714596,-2.4531450560681236,9.736248795612129,2021-06-15 16:49:26.176
111,-0.8152806437741009,-2.413741287193556,9.559494882413508,2021-06-15 16:49:26.066
112,-0.759255707922033,-2.449414513055751,9.617720072421948,2021-06-15 16:49:25.966
113,-0.7412471742414242,-2.4595966677306724,9.698214819160771,2021-06-15 16:49:25.866
114,-0.771722434236989,-2.4563169890961962,9.565727992215294,2021-06-15 16:49:25.756
115,-0.7462483817460059,-2.4291711316775855,9.699122877450998,2021-06-15 16:49:25.657
116,-0.78661793323562,-2.4689099873766174,9.577366661286112,2021-06-15 16:49:25.556
117,-0.7749694008755259,-2.451421487522638,9.667839421285363,2021-06-15 16:49:25.466
118,-0.805489459308163,-2.484971253584235,9.594938949621415,2021-06-15 16:49:25.326
119,-0.7704927753436914,-2.4377544141973013,9.670133576628949,2021-06-15 16:49:25.216
120,-0.7611407018422833,-2.431037897454514,9.52190817260934,2021-06-15 16:49:25.116
121,-0.7655175279103725,-2.526398779317685,9.631316387123015,2021-06-15 16:49:25.006
122,-0.7653067061414554,-2.5129612826879595,9.668290789364942,2021-06-15 16:49:24.906
123,-0.7954942532390092,-2.4402148904938388,9.488696490599441,2021-06-15 16:49:24.796
124,-0.7914445785493727,-2.480992433025312,9.646278410637686,2021-06-15 16:49:24.696
125,-0.7959672935991466,-2.554449582469345,9.59548462561525,2021-06-15 16:49:24.595
126,-0.7886689271035312,-2.487612783678364,9.700295132391622,2021-06-15 16:49:24.496
127,-0.7646427071095692,-2.4794677522550876,9.572395995673295,2021-06-15 16:49:24.385
128,-0.7637906511294181,-2.5405005393508158,9.602014269725949,2021-06-15 16:49:24.275
129,-0.8152833621729003,-2.5201341217305644,9.658625008505851,2021-06-15 16:49:24.175
130,-0.8198534241486117,-2.491126075363641,9.482222923802874,2021-06-15 16:49:24.065
131,-0.8072987060087704,-2.4939971486932886,9.622259362090793,2021-06-15 16:49:23.966
132,-0.7847769858659381,-2.5271741845797653,9.658528411537773,2021-06-15 16:49:23.855
133,-0.8042269797060384,-2.4502670853518493,9.600612494081297,2021-06-15 16:49:23.756
134,-0.7761512269197508,-2.482899884137212,9.630296224558542,2021-06-15 16:49:23.645
135,-0.790819473496976,-2.520288557094332,9.621798953845607,2021-06-15 16:49:23.545
136,-0.7724304738935637,-2.4370901507938934,9.662461291784084,2021-06-15 16:49:23.435
137,-0.7981901111004244,-2.4242514992904556,9.551279301795363,2021-06-15 16:49:23.335
138,-0.778446914052519,-2.4645934106082645,9.648151339123348,2021-06-15 16:49:23.235
139,-0.7927129807191589,-2.479736415377298,9.628775874579835,2021-06-15 16:49:23.036
140,-0.8086376393874664,-2.4951812134674936,9.641921756110282,2021-06-15 16:49:22.935
141,-0.8466317034027822,-2.451275582089925,9.634398604695642,2021-06-15 16:49:22.935
142,-0.7871061159478148,-2.4614795835739343,9.534049977607669,2021-06-15 16:49:22.835
143,-0.8078014267229436,-2.5210392262360384,9.654414819493843,2021-06-15 16:49:22.725
144,-0.7683889371636934,-2.4939469496049727,9.443575882062861,2021-06-15 16:49:22.625
145,-0.8247266279570227,-2.3747240899331734,9.60784693085646,2021-06-15 16:49:22.525
146,-0.7850616850762007,-2.4933069631594575,9.532272119753058,2021-06-15 16:49:22.425
147,-0.790702421343485,-2.461117028502402,9.558899062426446,2021-06-15 16:49:22.325
148,-0.7517598199246331,-2.505396632188124,9.596784658184436,2021-06-15 16:49:22.215
149,-0.7953516812465855,-2.4123738622572635,9.522451662803093,2021-06-15 16:49:22.105
150,-0.7470399862215031,-2.4590918479851394,9.611555763661368,2021-06-15 16:49:22.005
151,-0.7301205730254254,-2.4768387535831433,9.661782836208445,2021-06-15 16:49:21.905
152,-0.7096309731287045,-2.4605593530562877,9.664741300306826,2021-06-15 16:49:21.805
153,-0.7407074788941588,-2.4722750987190634,9.545304938515837,2021-06-15 16:49:21.695
154,-0.7310655672706996,-2.43666071362209,9.69912268620519,2021-06-15 16:49:21.595
155,-0.716621998994502,-2.4532997229808284,9.597649407344203,2021-06-15 16:49:21.495
156,-0.7532552500962082,-2.3867367575568137,9.614905764746387,2021-06-15 16:49:21.385
157,-0.7267570763812168,-2.419504203816053,9.571006588484387,2021-06-15 16:49:21.285
158,-0.7484753724453719,-2.428326804813598,9.645962637837883,2021-06-15 16:49:21.185
159,-0.7087765787259719,-2.412140612924295,9.66946406605214,2021-06-15 16:49:21.075
160,-0.751037900917354,-2.3914253801400704,9.588536150044408,2021-06-15 16:49:20.975
161,-0.7247273569205317,-2.393196519536225,9.660190433025559,2021-06-15 16:49:20.875
162,-0.6985992024421981,-2.4259504335114177,9.676905672742224,2021-06-15 16:49:20.775
163,-0.7020849253788872,-2.4200058028148166,9.685772752746917,2021-06-15 16:49:20.675
164,-0.7204857559384539,-2.3386759597938855,9.63694106618285,2021-06-15 16:49:20.575
165,-0.7355613811332347,-2.365408142549699,9.55325652189362,2021-06-15 16:49:20.475
166,-0.7003521439740881,-2.3774598403857796,9.683788266055034,2021-06-15 16:49:20.375
167,-0.7124828228270923,-2.3308698928376517,9.577315514544564,2021-06-15 16:49:20.215
168,-0.7249585958367468,-2.3125384738869506,9.702347807125186,2021-06-15 16:49:20.065
169,-0.7003277231067415,-2.342201934774242,9.613612342230573,2021-06-15 16:49:20.055
170,-0.6465017317137394,-2.3915173193649784,9.674946770860243,2021-06-15 16:49:19.856
171,-0.713494659955225,-2.34593541574889,9.704032494639701,2021-06-15 16:49:19.845
172,-0.7199687997134367,-2.3667102912418314,9.588058498312535,2021-06-15 16:49:19.646
173,-0.6841178109573667,-2.3636829116350677,9.652487675182817,2021-06-15 16:49:19.545
174,-0.6630776774361853,-2.425885150910812,9.674664428643675,2021-06-15 16:49:19.435
175,-0.6700426482415744,-2.36040651836181,9.645480678004787,2021-06-15 16:49:19.435
176,-0.6854902069114805,-2.189674956407538,9.950327187235017,2021-06-15 16:49:19.335
177,-0.7637282754035011,-1.8706883750924561,9.701825054043878,2021-06-15 16:49:19.235
178,-0.7743378639521026,-1.511048992710462,9.751328515230167,2021-06-15 16:49:19.135
179,-0.7151536353069181,-1.3244911920472457,9.981163090856267,2021-06-15 16:49:19.035
180,-0.4247306527842585,-0.7120234214300547,10.00341835095787,2021-06-15 16:49:18.936
181,-0.4330813760815966,-0.23836171768064363,10.171308844525825,2021-06-15 16:49:18.825
182,-0.17400118316274948,0.2248473369816124,10.224422988658086,2021-06-15 16:49:18.725
183,0.06320374099898096,0.8021363849264911,10.425186486614816,2021-06-15 16:49:18.625
184,0.48265548008334713,0.4676743599017037,10.249941563426297,2021-06-15 16:49:18.515
185,0.5892549660228066,0.5965223296658415,10.193823430472392,2021-06-15 16:49:18.415
186,0.6389470335753757,0.6696990784481405,10.408021689584206,2021-06-15 16:49:18.315
187,1.0326531128474543,0.4208025578990795,10.525380216801226,2021-06-15 16:49:18.215
188,1.337221910084633,-1.4614271514091222,10.085269580655691,2021-06-15 16:49:18.105
189,0.7250265769477897,-3.359111581255882,8.989981268516415,2021-06-15 16:49:18.005
190,0.6487488735729481,-1.754197706880885,9.582287802049752,2021-06-15 16:49:17.905
191,0.7649988773051262,0.9236994023377187,10.400413144695866,2021-06-15 16:49:17.795
192,1.6204666987380496,0.24012118811084227,10.65714741114541,2021-06-15 16:49:17.695
193,2.3235388442852587,-2.5004561138569796,10.397729091738094,2021-06-15 16:49:17.595
194,1.307051258651012,-1.6503842223553282,9.338330556929288,2021-06-15 16:49:17.485
195,1.1150166754348247,-0.0015597868394410241,10.649574120780551,2021-06-15 16:49:17.375
196,2.0495222630025456,-0.3901813908193952,9.79187634703064,2021-06-15 16:49:17.275
197,3.118362024237843,-1.9928276353355105,9.710430279611774,2021-06-15 16:49:17.165
198,2.0852009922984864,-1.5891179368512418,9.936099534675455,2021-06-15 16:49:17.065
199,1.5822795608786864,-1.4116258076232682,10.384829879003792,2021-06-15 16:49:16.965
200,3.174504713275703,-1.6272317346123741,10.41379821046547,2021-06-15 16:49:16.865
201,2.2404266330483362,-1.5453599006888608,9.060117596213416,2021-06-15 16:49:16.756
202,1.3556960530684075,-2.2352588992624147,10.189198151784044,2021-06-15 16:49:16.656
203,1.5394947465135649,-1.8190338336063285,10.006958087144518,2021-06-15 16:49:16.555
204,1.9869513316425513,-1.3520385548200746,10.112192731789834,2021-06-15 16:49:16.455
205,2.6932788314577767,-1.3735859104678498,9.78174424160885,2021-06-15 16:49:16.355
206,1.9908451810305938,-1.8347374581445992,10.026834235196144,2021-06-15 16:49:16.255
207,1.372050307375728,-3.33021233774166,8.984470653512794,2021-06-15 16:49:16.145
208,1.3231644709128392,-2.9012317378726524,9.58013320954315,2021-06-15 16:49:16.045
209,0.9786912535351286,-2.467587088119066,9.887735581165899,2021-06-15 16:49:15.945
210,1.2207311663797942,-2.9512148093688793,9.415633612152734,2021-06-15 16:49:15.835
211,1.339417114586804,-2.445805073010631,9.528782773630882,2021-06-15 16:49:15.725
212,1.463555368631729,-2.7689426910117225,9.739928868368974,2021-06-15 16:49:15.626
213,1.5445215917548687,-2.9316136753363713,9.601540203113888,2021-06-15 16:49:15.515
214,1.3781534707781333,-2.747659132129831,9.40246063909764,2021-06-15 16:49:15.415
215,1.0936180001626492,-2.764227510724368,9.526690092899877,2021-06-15 16:49:15.305
216,0.8220992277888761,-2.6036288373503504,9.51203971490023,2021-06-15 16:49:15.196
217,0.8243468303264707,-2.6664318863340504,9.816857000830858,2021-06-15 16:49:15.095
218,1.1905609659485188,-2.5776628130898556,9.812737977455704,2021-06-15 16:49:14.995
219,0.8247011267651376,-1.7977993738287452,9.878515197366472,2021-06-15 16:49:14.895
220,-0.08178040446137325,-2.589914988240516,9.320125527181244,2021-06-15 16:49:14.785
221,-0.8309153034034635,-2.250267876956238,9.500637766125141,2021-06-15 16:49:14.675
222,-1.0477143135963896,-1.5861302885615975,10.129929231477721,2021-06-15 16:49:14.565
223,-0.12268291812076959,-2.438640985299685,9.65063779879825,2021-06-15 16:49:14.465
224,0.15690168232097612,-1.707327011436417,9.993003977165847,2021-06-15 16:49:14.355
225,-0.6333602683771995,-1.0025302847043265,9.315178758381693,2021-06-15 16:49:14.256
226,-0.820881608849908,-1.9123107532639008,9.758981649175636,2021-06-15 16:49:14.145
227,-0.5184969478697368,-1.301630319232168,10.310790595863802,2021-06-15 16:49:14.035
228,-0.28348281264398234,-1.4757473590890595,9.567643599497234,2021-06-15 16:49:13.925
229,-0.7623225412878947,-1.4438290540120775,9.654740109036647,2021-06-15 16:49:13.825
230,-1.1177763556387548,-0.9222383295666083,10.174464537493137,2021-06-15 16:49:13.716
231,-0.6788833984435625,-1.6213927097526741,9.782670050068672,2021-06-15 16:49:13.616
232,-0.1823016744347663,-1.4275453722571707,10.062552343051484,2021-06-15 16:49:13.506
233,-0.5232693491007907,-0.659979751379705,10.103045304874739,2021-06-15 16:49:13.405
234,-0.6828550001739582,-1.6837820210960759,9.692347632201779,2021-06-15 16:49:13.305
235,-0.727251403386219,-1.322230933502356,10.0912594614024,2021-06-15 16:49:13.195
236,-0.2757085138010331,-1.4339699435100557,9.750858737801822,2021-06-15 16:49:13.085
237,-0.6644821754201873,-1.565409499811833,9.715886621124055,2021-06-15 16:49:12.975
238,-1.4686751908853886,-1.4866180249779029,9.798811261696349,2021-06-15 16:49:12.865
239,-1.4085853626469285,-1.8125376527269057,9.744212043526543,2021-06-15 16:49:12.765
240,-1.2544144840658666,-1.26734130687804,9.975871522262652,2021-06-15 16:49:12.665
241,-1.0071956860955291,-1.257529093437983,9.474944639270731,2021-06-15 16:49:12.555
242,-0.8879532042582556,-1.294404651464942,9.946718883194647,2021-06-15 16:49:12.445
243,-0.8592031802128874,-1.3884252913635065,9.796081247798737,2021-06-15 16:49:12.345
244,-1.4694222750332808,-1.5371216449087246,10.041192591695252,2021-06-15 16:49:12.245
245,-1.0630351055005414,-1.3301668517255574,9.65685033459449,2021-06-15 16:49:12.146
246,-0.8891239619273577,-1.7621175804645945,10.019347834173535,2021-06-15 16:49:12.045
247,-0.5938257683257062,-1.0961294201213603,9.575783304635062,2021-06-15 16:49:11.946
248,-0.8722168481990196,-1.4622577833239516,9.761595396734224,2021-06-15 16:49:11.835
249,-1.1590160869181132,-1.2530447974653,9.984394452088942,2021-06-15 16:49:11.735
250,-1.0815039274728648,-1.074492614718729,10.35609843722916,2021-06-15 16:49:11.635
251,-0.4888157254622807,-1.904262713115576,10.377395799787138,2021-06-15 16:49:11.535
252,-0.4984991652677988,-1.4455286330956323,9.782220406576435,2021-06-15 16:49:11.426
253,-0.5679111565423274,-1.0986937333804003,9.280609553926338,2021-06-15 16:49:11.325
254,-0.7758238022550661,-1.5737609320783807,9.818003136885086,2021-06-15 16:49:11.226
255,-0.711345789866338,-1.3749457158680274,10.234353560801571,2021-06-15 16:49:11.115
256,-0.5274857341568806,-1.1483996095695095,9.830207280274335,2021-06-15 16:49:11.015
257,-0.47159615716076964,-1.7200896097701355,9.566359268003916,2021-06-15 16:49:10.916
258,-0.5817631571876314,-1.4666106509514747,9.9478710791829,2021-06-15 16:49:10.805
259,-0.7534318881627706,-1.6554044509466292,9.306171986960791,2021-06-15 16:49:10.705
260,-0.8821682369908224,-1.3714596250729185,9.972210334558376,2021-06-15 16:49:10.605
261,-0.4195076895928189,-1.567814545273178,9.756912903984233,2021-06-15 16:49:10.495
262,-0.3255278041343552,-1.774535943635804,10.35784313092482,2021-06-15 16:49:10.385
263,-0.7117648020423124,-1.3979564804594404,8.92044129593122,2021-06-15 16:49:10.275
264,-0.8065822593541976,-2.2223798844981455,9.874225682524157,2021-06-15 16:49:10.175
265,-0.9410319099883548,-2.4910963317963644,9.426161123530765,2021-06-15 16:49:10.075
266,-0.514980045399051,-2.610905671295288,9.878266799290436,2021-06-15 16:49:09.975
267,-0.6005004909640157,-2.5791462914863783,9.511101109690106,2021-06-15 16:49:09.875
268,-1.1096584158865739,-2.23900682166307,9.065437257875342,2021-06-15 16:49:09.765
269,-0.83962403912453,-2.742455284661873,9.928703055980472,2021-06-15 16:49:09.665
270,-0.6562898873811676,-2.7052684731904355,10.109018844122915,2021-06-15 16:49:09.566
271,-0.9738131621385875,-2.2246088560456467,9.02191127064393,2021-06-15 16:49:09.465
272,-0.7639559509447322,-2.491089599520922,9.687775041691804,2021-06-15 16:49:09.365
273,-0.9132424363020688,-2.6881183837917626,10.315872349427677,2021-06-15 16:49:09.256
274,-0.6899780386500896,-2.507971262613004,9.71395316144395,2021-06-15 16:49:09.155
275,-0.8791139409563482,-2.5194189803248626,9.624001766114686,2021-06-15 16:49:09.055
276,-1.0623768838847067,-2.767715242154179,10.021630867060788,2021-06-15 16:49:08.945
277,-0.8898068377734156,-2.547221832423441,9.758039119186298,2021-06-15 16:49:08.835
278,-0.6611592490666991,-2.038530774624157,8.864907960879304,2021-06-15 16:49:08.735
279,-0.6861476013667085,-2.3899907397534768,9.56330430422031,2021-06-15 16:49:08.635
280,-0.9538703220758897,-2.428338509244951,9.342188016384434,2021-06-15 16:49:08.535
281,-0.9315887290195806,-2.5087025968383863,9.897450347637378,2021-06-15 16:49:08.436
282,-0.5530476152990433,-2.615361874049875,9.691738512328593,2021-06-15 16:49:08.335
283,-0.7877634137091423,-2.5018547555796746,9.89832706915315,2021-06-15 16:49:08.225
284,-0.7717534079861132,-2.5451642797541667,9.68282181081149,2021-06-15 16:49:08.116
285,-0.6231963957271467,-2.5639320021278382,9.72212763098008,2021-06-15 16:49:08.005
286,-1.174765760168795,-2.425351282329206,9.805445677730434,2021-06-15 16:49:07.895
287,-0.7262741821983467,-2.547112168840533,9.828071193161247,2021-06-15 16:49:07.785
288,-0.7414731227996936,-2.6291928807771705,9.464669648694734,2021-06-15 16:49:07.685
289,-1.1318599325595238,-2.605477745401104,9.600442724976343,2021-06-15 16:49:07.586
290,-0.9268574673099803,-2.691199777729959,9.258813131471506,2021-06-15 16:49:07.486
291,-0.7609412192418636,-2.8370536065086887,10.103869418429426,2021-06-15 16:49:07.375
292,-0.855935738664868,-2.7839272971225477,9.39799699145784,2021-06-15 16:49:07.275
293,-0.8530618094797184,-2.674790755022708,9.891630816313617,2021-06-15 16:49:07.176
294,-0.6237395831901702,-3.146705049213022,9.714402858301876,2021-06-15 16:49:07.066
295,-0.8290256794390751,-2.8832127733064032,9.407260817519507,2021-06-15 16:49:06.965
296,-0.9838976981457006,-2.6782595408516094,9.590392422891803,2021-06-15 16:49:06.855
297,-0.9577435708349253,-2.780598388336413,9.224505637841352,2021-06-15 16:49:06.755
298,-0.8397632115271085,-2.5774131202721158,9.662838157825169,2021-06-15 16:49:06.654
299,-0.9026483744418139,-2.8051505101342125,9.485663175788783,2021-06-15 16:49:06.554
300,-0.7636947470868174,-2.8793516204201923,9.28424962654563,2021-06-15 16:49:06.454
301,-1.036022615925926,-2.979088357332405,9.41538035021222,2021-06-15 16:49:06.354
302,-1.0920967830906292,-3.1065394198724263,9.482020246503723,2021-06-15 16:49:06.254
303,-0.7616846663365988,-2.9502814860774933,9.273118764401225,2021-06-15 16:49:06.144
304,-0.8207831906379337,-3.128260631140275,9.576735211463287,2021-06-15 16:49:06.045
305,-1.2017699850478973,-3.2033524493450773,9.615655669043873,2021-06-15 16:49:05.944
306,-1.0437952512121362,-3.1509838503374605,9.640061794155343,2021-06-15 16:49:05.834
307,-0.9250823120742313,-3.0917078034890024,9.160184190802354,2021-06-15 16:49:05.724
308,-0.7936414988955165,-2.940831075936686,9.531561656278523,2021-06-15 16:49:05.614
309,-0.9352399174983355,-3.3189552071013324,9.521891548773482,2021-06-15 16:49:05.504
310,-0.9007724751265325,-3.2613329939283084,9.681056692862487,2021-06-15 16:49:05.404
311,-0.9374983393049352,-3.158212325475569,9.375735885334468,2021-06-15 16:49:05.304
312,-0.9236639711011878,-3.1133178294262223,8.926333439714993,2021-06-15 16:49:05.204
313,-0.8656214986413806,-3.140312303067156,9.108830446610295,2021-06-15 16:49:05.104
314,-0.6480085589016473,-3.283154300205575,9.7401012963158,2021-06-15 16:49:05.004
315,-0.8721514967519977,-3.3395457227480736,9.64389414844878,2021-06-15 16:49:04.894
316,-0.98964499249464,-3.170553757126913,9.533536683368872,2021-06-15 16:49:04.794
317,-0.720630378499935,-3.1594194587825277,9.11463746268824,2021-06-15 16:49:04.684
318,-0.7953853512542362,-3.1027902067000968,9.330442595867694,2021-06-15 16:49:04.574
319,-0.7174890083000769,-3.257152089590465,9.57834005300531,2021-06-15 16:49:04.474
320,-0.7366252846819021,-3.2377750660243034,9.480247522486227,2021-06-15 16:49:04.374
321,-0.7859557958414785,-3.1961821256056258,9.323712252611637,2021-06-15 16:49:04.274
322,-1.116691676025069,-3.2030873959425343,9.582982779382114,2021-06-15 16:49:04.174
323,-1.1325074591254978,-3.2328520051102614,9.54629529935737,2021-06-15 16:49:04.074
324,-0.6924943565151005,-3.1873389370029335,9.176094654543215,2021-06-15 16:49:03.974
325,-0.7016760543134788,-3.2733091173336972,9.39885699618483,2021-06-15 16:49:03.874
326,-0.8630031048219613,-3.206186957998897,9.278796833948082,2021-06-15 16:49:03.764
327,-0.9159490875410867,-3.13978324767858,9.318839747044606,2021-06-15 16:49:03.664
328,-0.8004777269387722,-3.2585332092818375,9.401182374990315,2021-06-15 16:49:03.564
329,-0.7478126253276729,-3.3117366019772927,9.617885164895954,2021-06-15 16:49:03.464
330,-0.952949977718154,-3.24463825948792,9.251116341840664,2021-06-15 16:49:03.364
331,-0.7127110200220641,-3.5038602362622173,9.544569193933201,2021-06-15 16:49:03.254
332,-0.746383753783731,-3.428227573212293,9.29960642610742,2021-06-15 16:49:03.154
333,-0.8791933154111491,-3.6431158045799665,9.2473038617178,2021-06-15 16:49:03.055
334,-0.8765514510453742,-3.607144207819395,9.180263341864745,2021-06-15 16:49:02.944
335,-0.8635375622838555,-3.87160657374255,9.483583438746102,2021-06-15 16:49:02.844
336,-0.7144447940065353,-3.8502495477222234,9.317768104993453,2021-06-15 16:49:02.734
337,-0.8506213980963537,-4.254884237932265,9.273050872119327,2021-06-15 16:49:02.634
338,-0.9233213310384647,-4.270610376438825,8.938883604322216,2021-06-15 16:49:02.524
339,-0.8116404021734531,-4.258511615589684,8.908734189477919,2021-06-15 16:49:02.424
340,-0.8593238082104024,-4.450854628624191,9.29564262569405,2021-06-15 16:49:02.324
341,-1.0449681161884439,-4.5042073433899485,9.208653607370888,2021-06-15 16:49:02.225
342,-0.9541102769020391,-4.548095685827775,9.115408601196958,2021-06-15 16:49:02.124
343,-0.6941036705645265,-4.65932240417491,9.135745086984253,2021-06-15 16:49:02.024
344,-0.6996280627851317,-4.747059282312311,9.216963069504292,2021-06-15 16:49:01.924
345,-0.9321780190467,-4.607717244970239,8.873084938344572,2021-06-15 16:49:01.814
346,-1.009228866634532,-4.8106055486324575,9.060280195965468,2021-06-15 16:49:01.714
347,-1.1520459094636848,-4.656976072774956,8.895961494106238,2021-06-15 16:49:01.614
348,-0.6597597336599859,-4.746597718255808,9.07393824563123,2021-06-15 16:49:01.514
349,-0.6918867221855163,-4.568344434759439,9.199098725999011,2021-06-15 16:49:01.415
350,-0.9361435467745836,-4.673929827510797,9.125380356963834,2021-06-15 16:49:01.304
351,-0.6108030591074534,-4.827981554960555,9.223387070129558,2021-06-15 16:49:01.204
352,-0.9396671170140103,-4.561675992961131,9.088169938760405,2021-06-15 16:49:01.095
353,-1.035454819755188,-4.305823638168763,9.027666645620101,2021-06-15 16:49:00.995
354,-0.9247114943087085,-4.173937976003291,9.170259296116328,2021-06-15 16:49:00.884
355,-0.9095469970442589,-3.8852728513844412,9.23998495236561,2021-06-15 16:49:00.784
356,-0.8421464880815899,-3.5710789031369883,9.348039203290144,2021-06-15 16:49:00.684
357,-0.9363166167231067,-3.4971658887247195,9.35132545600538,2021-06-15 16:49:00.574
358,-0.9304850985179158,-3.517489318586142,9.351081452262001,2021-06-15 16:49:00.465
359,-0.9643421429599055,-3.4606050700124236,9.348118983260193,2021-06-15 16:49:00.365
360,-0.9524583468073995,-3.3018132026892175,9.42087888391946,2021-06-15 16:49:00.265
361,-0.8720619609363964,-3.0837304092710025,9.481466992409551,2021-06-15 16:49:00.164
362,-0.9114371877167617,-2.7831704223038254,9.55927244683553,2021-06-15 16:49:00.054
363,-0.8821510951320937,-2.712321353211695,9.549790682223513,2021-06-15 16:48:59.944
364,-0.9052501171075618,-2.6527640750354986,9.604863454573621,2021-06-15 16:48:59.835
365,-0.9269638391737853,-2.6278995117168713,9.599051166003608,2021-06-15 16:48:59.724
366,-0.8909316579929645,-2.616849772838716,9.610332953003098,2021-06-15 16:48:59.624
367,-0.8816159272024968,-2.573470951854353,9.508625956839728,2021-06-15 16:48:59.524
368,-0.8984190807066443,-2.4904352013811626,9.543968202586196,2021-06-15 16:48:59.414
369,-0.9102632822353405,-2.457810562447334,9.597603118200048,2021-06-15 16:48:59.314
370,-0.8840227179445836,-2.465080129215633,9.632186788998041,2021-06-15 16:48:59.214
371,-0.8516106029918813,-2.4950433480161225,9.590025322538914,2021-06-15 16:48:59.114
372,-0.9009119066514328,-2.4449764258530116,9.59784597446821,2021-06-15 16:48:59.014
373,-0.9006231668360063,-2.442098114081795,9.717569480569859,2021-06-15 16:48:58.914
374,-0.874751515090098,-2.4585303707628015,9.590064721028458,2021-06-15 16:48:58.814
375,-0.8595386796633204,-2.463663254286151,9.605951255029238,2021-06-15 16:48:58.704
376,-0.8413989561283848,-2.4697507018428335,9.606819915736963,2021-06-15 16:48:58.594
377,-0.9324715086652,-2.479104642666455,9.595391122144429,2021-06-15 16:48:58.484
378,-0.8902826395764123,-2.429554265404503,9.695122176886011,2021-06-15 16:48:58.384
379,-0.8951487120511992,-2.4508964769807156,9.594383211089745,2021-06-15 16:48:58.284
380,-0.919373187830814,-2.457908874366486,9.575985850788081,2021-06-15 16:48:58.185
381,-0.825508970223267,-2.490349780380603,9.65855563100689,2021-06-15 16:48:58.075
382,-0.9216788126042661,-2.4403877667178833,9.588544757623078,2021-06-15 16:48:57.974
383,-0.9812441782276051,-2.436384760552043,9.593476787458734,2021-06-15 16:48:57.865
384,-0.8916489370401981,-2.419310055732314,9.584279082728603,2021-06-15 16:48:57.754
385,-0.9201509472934379,-2.447239441126102,9.561414871628555,2021-06-15 16:48:57.655
386,-0.8901656490671874,-2.4629908160973697,9.616734110411892,2021-06-15 16:48:57.554
387,-0.9178779881498207,-2.480901878856572,9.647587052146113,2021-06-15 16:48:57.454
388,-0.9103397549532122,-2.424290452632709,9.622939055772376,2021-06-15 16:48:57.354
389,-1.0372456321421581,-2.1710612732376307,9.718754869145949,2021-06-15 16:48:57.254
390,-0.932080236974324,-2.451527359603479,9.727686857494206,2021-06-15 16:48:57.154
391,-0.86835163944832,-2.2947840223131775,9.706479605229774,2021-06-15 16:48:57.044
392,-0.9276287302026685,-2.1317647487297204,9.605557261452676,2021-06-15 16:48:56.944
393,-0.9028414213598033,-2.000389105920957,9.639061753386011,2021-06-15 16:48:56.834
394,-0.965524843263744,-1.819023471077954,9.737840636265943,2021-06-15 16:48:56.734
395,-0.9309521575678634,-1.7229174220714616,9.794959221948465,2021-06-15 16:48:56.634
396,-0.9110233423379479,-1.628942320673361,9.773405607428652,2021-06-15 16:48:56.534
397,-0.8830276437782922,-1.5752512397454521,9.776212123582406,2021-06-15 16:48:56.424
398,-0.858582372120902,-1.5540159244495895,9.83687958825032,2021-06-15 16:48:56.314
399,-0.8784767736309138,-1.5193398105574594,9.8090421475113,2021-06-15 16:48:56.214
400,-0.8640662696199657,-1.456453488718867,9.89602323108621,2021-06-15 16:48:56.114
401,-0.7501001144349819,-1.460388064188511,9.916957560588289,2021-06-15 16:48:56.014
402,-0.7098203708787505,-1.4307777768278385,9.916818503301233,2021-06-15 16:48:55.904
403,-0.7363433415943783,-1.4654052707399536,9.70010574421764,2021-06-15 16:48:55.804
404,-0.7766457905954569,-1.417763499902751,9.819760248506668,2021-06-15 16:48:55.704
405,-0.7613846577724974,-1.3462629638866401,9.84376321465102,2021-06-15 16:48:55.604
406,-0.6123212467751786,-1.3907920557075397,9.903125786056968,2021-06-15 16:48:55.494
407,-0.5500323493510801,-1.3326376496394774,9.907371460654405,2021-06-15 16:48:55.393
408,-0.6260029369532443,-1.4422556248170988,9.986556182507144,2021-06-15 16:48:55.283
409,-0.6649871601216626,-1.5166872049083668,9.803914906782703,2021-06-15 16:48:55.183
410,-0.5987999909493107,-2.000152649307272,9.626545020658254,2021-06-15 16:48:55.083
411,-0.582078011601086,-2.3611794061370976,9.650841564930825,2021-06-15 16:48:54.983
412,-0.6160096890608657,-2.343481037929103,9.691577777898775,2021-06-15 16:48:54.873
413,-0.523839282635818,-2.4413454155450798,9.614995343518249,2021-06-15 16:48:54.773
414,-0.6153257108991652,-2.401024407613469,9.590785801608181,2021-06-15 16:48:54.673
415,-0.6202207754674507,-2.3987036300796793,9.656479257645348,2021-06-15 16:48:54.563
416,-0.6673430335447073,-2.336565440678419,9.650598731340075,2021-06-15 16:48:54.463
417,-0.6294432108933161,-2.2390705919336353,9.647971316389029,2021-06-15 16:48:54.363
418,-0.3984592646753593,-2.112172819694321,9.67309078896588,2021-06-15 16:48:54.253
419,-0.2722075534197299,-2.024619293508736,9.814653256912138,2021-06-15 16:48:54.153
420,-0.09822463536296278,-2.0002663309544544,9.99472524162909,2021-06-15 16:48:54.053
421,-0.03784886569066792,-1.8135817085829693,9.936610358225147,2021-06-15 16:48:53.953
422,-0.23360154565517766,-1.5958217285881502,9.743396200234853,2021-06-15 16:48:53.843
423,-0.34933169125355823,-1.4775936934379037,9.557217742219594,2021-06-15 16:48:53.743
424,-0.203449954925913,-1.449748744361504,9.926252085773978,2021-06-15 16:48:53.643
425,-0.1608890594709318,-1.472917620456002,9.983730519962098,2021-06-15 16:48:53.534
426,-0.08527369231476922,-1.4244801366578654,9.79996482473531,2021-06-15 16:48:53.423
427,0.07158043089913368,-1.46546503841348,9.98543217336734,2021-06-15 16:48:53.323
428,0.2976260621125961,-1.5674673900440173,9.882148930813152,2021-06-15 16:48:53.223
429,0.23024781753583845,-1.6780309487031548,9.775279248143919,2021-06-15 16:48:53.123
430,-0.10941008516226591,-1.9043055679551206,9.792168116655922,2021-06-15 16:48:53.023
431,-0.10180674139348267,-1.99756844169036,9.613314297616263,2021-06-15 16:48:52.923
432,0.23566497491343563,-2.0160526364186135,9.774535505957882,2021-06-15 16:48:52.824
433,0.3352388248656619,-1.730772931936067,9.74718389191094,2021-06-15 16:48:52.703
434,0.2536278434721506,-1.9038678201727932,9.763273272105145,2021-06-15 16:48:52.593
435,0.2791573134555483,-2.215656050479589,9.631954231855175,2021-06-15 16:48:52.493
436,0.21763691228360105,-1.9209513936309586,9.550470641844589,2021-06-15 16:48:52.383
437,0.3512651010466834,-2.147551426977487,9.817636210258167,2021-06-15 16:48:52.273
438,0.47093279775138086,-1.9998643250563446,9.726226614161224,2021-06-15 16:48:52.173
439,0.45528320081629303,-2.3308444886192827,9.739632970929556,2021-06-15 16:48:52.073
440,0.5419051727615001,-2.589958323464885,9.335188326156842,2021-06-15 16:48:51.973
441,-0.007493759615483153,-2.4745432583343048,9.897128810658096,2021-06-15 16:48:51.873
442,0.26395609648499985,-2.304659900676104,10.434282516159369,2021-06-15 16:48:51.773
443,1.5496187702387338,-2.0870663843169113,10.609564128723552,2021-06-15 16:48:51.663
444,2.2083107599843608,-2.0459692187562264,9.654006233903612,2021-06-15 16:48:51.563
445,1.3003096007339146,-2.202094235517167,9.202611820268414,2021-06-15 16:48:51.463
446,0.6139706954579305,-2.289290736196837,10.30685963912766,2021-06-15 16:48:51.363
447,1.0121503509969014,-1.5264794760520068,9.660394179826367,2021-06-15 16:48:51.263
448,1.6421031081265622,-1.6997927170430671,9.386158156279507,2021-06-15 16:48:51.163
449,1.346493799146455,-1.8888388045224378,10.222258526106657,2021-06-15 16:48:50.963
450,0.6449823536921384,-1.885072480183653,10.221944847528526,2021-06-15 16:48:50.853
451,0.7176732111951631,-1.5662886100654374,10.779602443086665,2021-06-15 16:48:50.853
452,1.2039177356359847,-1.662002973091719,9.721267130217353,2021-06-15 16:48:50.753
453,0.9793246623388792,-2.618607494550186,9.819211333300881,2021-06-15 16:48:50.652
454,0.5009480263816701,-2.3584157073107437,9.015155764517738,2021-06-15 16:48:50.553
455,-0.489788190451363,-1.919989056747101,9.548418313109108,2021-06-15 16:48:50.452
456,-0.6730156152868041,-1.5857707430936556,9.751396733462672,2021-06-15 16:48:50.352
457,-0.32684474829561205,-1.7894425619124923,10.01692493766855,2021-06-15 16:48:50.253
458,-0.5602468270228109,-2.0169114708035463,9.971007815691713,2021-06-15 16:48:50.152
459,-0.09915655194066875,-1.6707528349558194,9.894973357392102,2021-06-15 16:48:50.042
460,-0.06790331382248205,-1.5920937825931785,10.057518859982215,2021-06-15 16:48:49.932
461,-0.5208093613078772,-1.9002078637240798,9.226224507873876,2021-06-15 16:48:49.822
462,-0.8837825600182474,-2.6283843210099174,9.802539365333299,2021-06-15 16:48:49.623
463,-0.9886811558312583,-2.7369449986355683,9.806934879255229,2021-06-15 16:48:49.622
464,-0.8119011753767456,-2.4841893495342635,9.470354716340985,2021-06-15 16:48:49.422
465,-0.6197612152326408,-2.570745686274134,9.761016947994456,2021-06-15 16:48:49.312
466,-0.9552238378306344,-2.403523728355233,9.12202140988844,2021-06-15 16:48:49.302
467,-1.4562051216630638,-2.455539611525865,9.822363688797475,2021-06-15 16:48:49.102
468,-1.5251787857370511,-2.458357560907863,9.606425078102536,2021-06-15 16:48:49.092
469,-1.4545527447299949,-2.4514148649665843,9.447225444321795,2021-06-15 16:48:48.992
470,-1.596913794177377,-2.5701029747698243,9.635043756822702,2021-06-15 16:48:48.792
471,-1.7479454471099736,-2.7094235081230638,9.595379468082104,2021-06-15 16:48:48.683
472,-1.9047700960019207,-2.5099443141894096,9.200221898620224,2021-06-15 16:48:48.572
473,-1.9346955074280934,-2.546892149627409,9.566211377078941,2021-06-15 16:48:48.562
474,-1.8171293706375509,-2.2656977051005467,9.345674139358007,2021-06-15 16:48:48.362
475,-1.8661504484485687,-2.097968982500561,9.591495776095822,2021-06-15 16:48:48.352
476,-1.7163197302470379,-2.243502443191277,9.71888002299183,2021-06-15 16:48:48.152
477,-2.054238505906471,-1.6327786221336233,9.810776616325894,2021-06-15 16:48:48.142
478,-2.199580650349248,-2.0437339620621384,9.226878766070671,2021-06-15 16:48:48.042
479,-2.4227286354232325,-2.4716115823187073,9.462877869445771,2021-06-15 16:48:47.842
480,-2.5574117280199893,-1.7182974305706855,9.583030147992673,2021-06-15 16:48:47.732
481,-2.290800365065986,-1.9868121064258073,9.682973306651034,2021-06-15 16:48:47.733
482,-2.086979124630324,-2.132346365521037,9.94988810098728,2021-06-15 16:48:47.633
483,-1.765147844891951,-1.523552929698456,9.712843493621802,2021-06-15 16:48:47.532
484,-2.225877248185021,-1.7840199869224236,9.589986724944872,2021-06-15 16:48:47.423
485,-2.5899821592027816,-1.6810005365641465,9.574311752788164,2021-06-15 16:48:47.323
486,-2.7990849719172615,-1.5875066792614398,9.475326529758036,2021-06-15 16:48:47.223
487,-2.519706475491951,-1.8576895372793447,9.455342119047234,2021-06-15 16:48:47.122
488,-2.6157927282404625,-1.4807562603703106,9.616097583147122,2021-06-15 16:48:47.013
489,-2.681238734116608,-1.5590825270015638,9.43083660724016,2021-06-15 16:48:46.912
490,-2.771361362294952,-1.2680257386203344,9.604321231714959,2021-06-15 16:48:46.813
491,-2.624294782524388,-1.5684081708185476,9.760091747985388,2021-06-15 16:48:46.702
492,-2.8908473339053256,-1.5033568698667295,9.552859737863567,2021-06-15 16:48:46.603
493,-2.9218537889616445,-1.416966329666126,9.48598262554723,2021-06-15 16:48:46.503
494,-2.812729577600173,-1.4039262525687581,9.41023572131352,2021-06-15 16:48:46.392
495,-2.6074049555825716,-1.221138548945012,9.782151611612107,2021-06-15 16:48:46.293
496,-2.361483575583483,-1.0011914937786237,9.461132427883369,2021-06-15 16:48:46.193
497,-2.653473820724196,-1.3382433813123464,9.34282181639454,2021-06-15 16:48:46.092
498,-2.4415262830540243,-0.9606428224179648,9.833039049823448,2021-06-15 16:48:45.993
499,-1.7730908710285607,-1.0957429684268312,9.550896863638242,2021-06-15 16:48:45.883
500,-1.6180354210664802,-1.208498044766908,10.010046445868387,2021-06-15 16:48:45.783
501,-1.2086838017212653,-1.1983559554791294,9.715508832955608,2021-06-15 16:48:45.683
502,-1.149668190658263,-1.0978581887042536,9.87368009450785,2021-06-15 16:48:45.593
503,-1.231912710519148,-1.3372852418625003,9.596526590159916,2021-06-15 16:48:45.453
504,-1.3998852134112594,-0.8925472190881019,9.885912650244448,2021-06-15 16:48:45.353
505,-1.2652081025844222,-1.239469610810159,9.815885920423883,2021-06-15 16:48:45.253
506,-1.048347743722464,-1.1572860880046116,10.244919422521653,2021-06-15 16:48:45.153
507,-1.1129969041669163,-0.9929062288275707,9.94896625583129,2021-06-15 16:48:45.043
508,-1.2433094639915279,-1.0312916379861155,9.86722945722136,2021-06-15 16:48:44.942
509,-0.9358135169058288,-1.1227881542301077,10.037173124866648,2021-06-15 16:48:44.843
510,-0.9438630329472186,-1.3120702590899729,9.776255179022646,2021-06-15 16:48:44.733
511,-1.015013570253556,-1.0322923333961551,9.580100491525634,2021-06-15 16:48:44.633
512,-0.6411737608891601,-0.8936266031175926,9.713612448552482,2021-06-15 16:48:44.533
513,-0.22121694466832054,-1.30208626730133,10.170661359950302,2021-06-15 16:48:44.423
514,0.029653370962293923,-1.3185516554345673,9.831661825558342,2021-06-15 16:48:44.323
515,-0.31074102666010783,-1.1345632956584075,10.09943592453919,2021-06-15 16:48:44.223
516,-0.6475937373367229,-1.3367679299308142,9.540140087092919,2021-06-15 16:48:44.123
517,-0.9400283647438228,-1.4956390907042705,9.887907768323853,2021-06-15 16:48:44.023
518,-1.190169897515364,-1.317731206063749,10.02327453496636,2021-06-15 16:48:43.923
519,-1.077913841301998,-1.5340717567646074,9.911189244864506,2021-06-15 16:48:43.812
520,-1.0389238818373,-1.435129323221548,9.790359317747262,2021-06-15 16:48:43.703
521,-1.0605177674885764,-1.4903875856412117,9.90684085917095,2021-06-15 16:48:43.602
522,-1.2715304668517995,-1.5959322671124654,9.825477470580791,2021-06-15 16:48:43.503
523,-1.3757437052483485,-1.5538597202981594,9.868143806426815,2021-06-15 16:48:43.393
524,-1.2495516836626113,-1.4740779690422858,9.903697241701266,2021-06-15 16:48:43.293
525,-1.2220592216876394,-1.8148022819522787,9.950940187208701,2021-06-15 16:48:43.183
526,-1.0098089987478323,-1.464125007392635,9.823832032924352,2021-06-15 16:48:43.083
527,-1.2201763366510294,-1.4221784385472542,9.759556027178338,2021-06-15 16:48:42.982
528,-1.4000502204515142,-1.737078547594745,10.147575312173974,2021-06-15 16:48:42.873
529,-0.9246087580938576,-1.3388642204451595,9.97827929224625,2021-06-15 16:48:42.763
530,-1.0091380279700057,-1.7183957267261372,9.875619975448863,2021-06-15 16:48:42.663
531,-1.2128950689566202,-1.320911333688091,8.944599997895885,2021-06-15 16:48:42.552
532,-1.6211264958982305,-1.595152530889624,10.215701528497487,2021-06-15 16:48:42.443
533,-0.941019923607324,-1.7900163668681959,9.90451713161017,2021-06-15 16:48:42.343
534,-0.6156553058194523,-1.4427116490567355,10.08402479800213,2021-06-15 16:48:42.243
535,-0.8008312550510632,-1.5149858640623686,8.90441442143088,2021-06-15 16:48:42.143
536,-0.9665412240909153,-1.5899523138646363,9.99179139258366,2021-06-15 16:48:42.043
537,-0.6734890679660213,-1.6043388792086328,9.947908109493337,2021-06-15 16:48:41.943
538,-0.2653595798760504,-1.7788375484931191,9.968690501437232,2021-06-15 16:48:41.833
539,-0.20099590411504953,-1.7853493538308958,9.582021618858308,2021-06-15 16:48:41.733
540,-0.3243977771817246,-2.392926594605854,9.432080855670975,2021-06-15 16:48:41.633
541,-0.5074941251703473,-2.4824573215537797,9.883012461888477,2021-06-15 16:48:41.533
542,-0.1939737787139717,-2.505096416160051,9.723411673424941,2021-06-15 16:48:41.422
543,-0.5780949750191366,-2.492396266217655,9.492778159884747,2021-06-15 16:48:41.323
544,-0.777956257099301,-2.33043548727102,9.997361322184018,2021-06-15 16:48:41.222
545,-0.08679981873752052,-2.3559423897147784,9.375269832186051,2021-06-15 16:48:41.123
546,-0.1713234185435042,-2.365806719534324,9.751417042289688,2021-06-15 16:48:41.023
547,-0.6026184244199915,-2.467876998847103,9.75438498571191,2021-06-15 16:48:40.913
548,0.028173042267548132,-2.5254599530705506,9.798535319940465,2021-06-15 16:48:40.803
549,0.3931552992320191,-2.322076645469571,9.356348733174585,2021-06-15 16:48:40.702
550,0.1060737344086986,-2.4004480940280146,9.68134249376509,2021-06-15 16:48:40.593
551,-0.24455551157401811,-2.4139900490531243,9.359282947603324,2021-06-15 16:48:40.492
552,-0.3457455261218305,-2.369625308948524,9.777209431906204,2021-06-15 16:48:40.393
553,-0.02414929752116146,-2.460841944018813,9.390712603649334,2021-06-15 16:48:40.283
554,0.07105898645481168,-2.4293333782028186,9.629405889461776,2021-06-15 16:48:40.183
555,-0.20832791319057575,-2.4178580137453816,9.631480465864984,2021-06-15 16:48:40.073
556,0.04170547162107119,-2.5523678911529943,9.802501309426436,2021-06-15 16:48:39.973
557,0.07810206075443982,-2.5405670438108365,9.336316257476483,2021-06-15 16:48:39.773
558,-0.2616649389788024,-2.496914481096423,10.244060723299642,2021-06-15 16:48:39.762
559,0.008262092099575735,-2.3920796314469817,9.512508036131658,2021-06-15 16:48:39.563
560,0.019432181639763124,-2.609003551840106,9.923517840130067,2021-06-15 16:48:39.453
561,-0.5066278488351592,-2.5411547414969746,9.506370720264936,2021-06-15 16:48:39.453
562,-0.22322171823881898,-2.5927056898544034,9.720225939200459,2021-06-15 16:48:39.353
563,0.12602532567652003,-2.8467643132005978,9.46282873499878,2021-06-15 16:48:39.252
564,-0.511515193468844,-3.0753436261697846,9.92983421843672,2021-06-15 16:48:39.142
565,-0.24049678081849124,-3.0035124834594793,9.577698383304046,2021-06-15 16:48:39.043
566,0.0374647497199454,-2.9834374855381345,9.615326886537922,2021-06-15 16:48:38.943
567,-0.5040523560058923,-3.144408431044283,10.081864493912931,2021-06-15 16:48:38.833
568,-0.15417738512861479,-3.2708989805329067,9.385556598434691,2021-06-15 16:48:38.722
569,-0.0986576069525551,-3.3504578267714877,9.516321404285318,2021-06-15 16:48:38.623
570,-0.31884833157680537,-3.199069482229605,9.051564927443835,2021-06-15 16:48:38.523
571,-0.3832764166400884,-3.6013892700758134,9.425272232285629,2021-06-15 16:48:38.412
572,-0.2907161562720748,-3.6946372688377274,9.37290050225629,2021-06-15 16:48:38.303
573,-0.3734678474896407,-3.77744077510101,9.570436934936819,2021-06-15 16:48:38.203
574,-0.41650030306512975,-3.8807418290072255,9.32281012834357,2021-06-15 16:48:38.103
575,-0.2753179255388194,-3.932825953680329,9.28264044122287,2021-06-15 16:48:37.902
576,-0.48482643079472165,-3.869245172252556,9.457620922884146,2021-06-15 16:48:37.793
577,-0.41190143711605787,-3.9303537732376634,9.407012975106717,2021-06-15 16:48:37.793
578,-0.3727473561997079,-3.964254220887619,9.407637448083243,2021-06-15 16:48:37.693
579,-0.2640498474160322,-3.916110046395521,9.428434271811497,2021-06-15 16:48:37.592
580,-0.36227877426763966,-3.808321833586767,9.120372237168317,2021-06-15 16:48:37.393
581,-0.7478414954426813,-3.8789168360601645,9.28636273486752,2021-06-15 16:48:37.382
582,-0.7166899549248738,-3.9236819376205765,9.272378175720469,2021-06-15 16:48:37.283
583,-0.6225342496400492,-3.9394595695308356,9.360052709543256,2021-06-15 16:48:37.183
584,-0.7308965885847265,-3.87058218451299,9.043711521737723,2021-06-15 16:48:37.082
585,-0.9442554872440567,-3.6456696778457096,9.47944709230513,2021-06-15 16:48:36.973
586,-0.9305457815986153,-3.366064720643134,9.093730107540066,2021-06-15 16:48:36.872
587,-1.1149439273528805,-3.4069513183572795,9.38482563147242,2021-06-15 16:48:36.763
588,-1.5131830908048245,-3.3218467207599143,9.270124077258021,2021-06-15 16:48:36.663
589,-1.7881018893076481,-3.02884162637987,9.092957772519215,2021-06-15 16:48:36.562
590,-1.8248771231693224,-2.8684335842831206,9.34850182755632,2021-06-15 16:48:36.463
591,-1.8013598673814784,-3.001391096098116,9.614976243348236,2021-06-15 16:48:36.363
592,-1.7398068706559038,-2.941659585550975,9.328894516518682,2021-06-15 16:48:36.253
593,-1.9855688586888598,-2.8076851653674253,9.540046782666824,2021-06-15 16:48:36.153
594,-1.5239994368136593,-2.5684675004677624,9.338074972271658,2021-06-15 16:48:36.053
595,-1.492659105724147,-2.586072617815919,9.721645376331482,2021-06-15 16:48:35.943
596,-1.8465263676909482,-2.527345276995166,9.340162503110376,2021-06-15 16:48:35.842
597,-2.0831504962496457,-2.532503671662583,9.282923564408007,2021-06-15 16:48:35.733
598,-2.1271112050694576,-2.879546343592822,9.299847723714942,2021-06-15 16:48:35.633
599,-2.7367645244736467,-2.80054576045384,9.386702878822906,2021-06-15 16:48:35.533
600,-2.7845485453556638,-2.694586130165155,9.121031853569558,2021-06-15 16:48:35.423
601,-3.1860452033817794,-2.752333067582498,9.55142627349222,2021-06-15 16:48:35.312
602,-2.28548489875163,-2.726081887243096,9.459233513277415,2021-06-15 16:48:35.202
603,-2.45016014989117,-2.5953310587176164,9.221496928813186,2021-06-15 16:48:35.103
604,-2.702027341620797,-2.6903211252091905,9.11699607370408,2021-06-15 16:48:34.992
605,-2.7006377477092327,-2.748739398736853,9.36487841564232,2021-06-15 16:48:34.893
606,-2.7816277991937417,-2.474364945349911,9.125163218133604,2021-06-15 16:48:34.782
607,-3.005175923640245,-2.441546391137561,9.483334201068052,2021-06-15 16:48:34.682
608,-2.7066783144058872,-2.686755459816235,9.767020924551154,2021-06-15 16:48:34.583
609,-2.4621606506645453,-2.353313458815345,9.214845550490463,2021-06-15 16:48:34.483
610,-2.910073311654135,-1.9923439916276342,8.8504066976895,2021-06-15 16:48:34.382
611,-3.5292256190447677,-2.469902427361341,9.775377946018663,2021-06-15 16:48:34.272
612,-2.761727706526993,-3.004981948613121,9.161620069946537,2021-06-15 16:48:34.173
613,-2.9332610691528993,-2.252131478195335,9.308971267279002,2021-06-15 16:48:34.073
614,-2.9836388237571767,-2.012902426145281,9.13394677266569,2021-06-15 16:48:33.963
615,-3.3729309965418066,-1.979327855377703,9.791072159257231,2021-06-15 16:48:33.863
616,-3.2203747290049147,-1.98233008866482,9.6461824500143,2021-06-15 16:48:33.753
617,-3.1377666666589397,-1.5829554418274663,9.294525800860951,2021-06-15 16:48:33.653
618,-3.6930092879940206,-1.407433411302574,9.502263458755456,2021-06-15 16:48:33.553
619,-2.9940386461450497,-1.48062907338044,9.069082345365837,2021-06-15 16:48:33.452
620,-2.692149643964333,-1.2773628916057227,9.78524032444742,2021-06-15 16:48:33.353
621,-2.643806109344475,-1.4265668322370653,9.577804090202324,2021-06-15 16:48:33.243
622,-3.2137836266505575,-1.2541282659042845,9.807677580276827,2021-06-15 16:48:33.143
623,-2.7151360677997536,-0.7644774137667723,9.530602299079037,2021-06-15 16:48:33.042
624,-2.0518595324925224,-0.893211104506273,9.770342211214716,2021-06-15 16:48:32.942
625,-1.7963697088339499,-0.9286392968200814,9.78269120220536,2021-06-15 16:48:32.833
626,-1.4285828176009614,-0.8129512345732133,9.617622305488082,2021-06-15 16:48:32.732
627,-1.5319117047805357,-0.9979274499582904,9.634433108631415,2021-06-15 16:48:32.632
628,-1.8954530596923882,-1.019290048167865,9.843952606233882,2021-06-15 16:48:32.533
629,-1.9359835097098044,-1.1259510580971797,10.10123446876007,2021-06-15 16:48:32.423
630,-1.4697471229596188,-0.7402578445481507,9.29733984831602,2021-06-15 16:48:32.312
631,-1.4320215917649004,-0.9385497611065787,9.495542501386398,2021-06-15 16:48:32.213
632,-1.900824310349166,-1.6975777801865837,10.112355684387975,2021-06-15 16:48:32.102
633,-1.0486607944781652,-0.9879901372414919,9.431792795942034,2021-06-15 16:48:31.993
634,-1.2891803390675223,-0.7087060616558039,10.4461961556449,2021-06-15 16:48:31.893
635,-0.37252284265870683,-1.68763639753793,9.889335479578264,2021-06-15 16:48:31.783
636,-0.35858976028615275,-1.4726317992995996,9.415782663059339,2021-06-15 16:48:31.682
637,-0.030035433292963543,-0.8686022284580419,10.113574330786797,2021-06-15 16:48:31.572
638,-0.08353646695767725,-1.626071088537461,9.6707470036448,2021-06-15 16:48:31.472
639,-0.5832443535512373,-1.4634986568730066,10.26456616606703,2021-06-15 16:48:31.272
640,-0.5612226520432471,-1.0820893022542801,9.890793607023008,2021-06-15 16:48:31.263
641,-0.592243813503659,-1.5827595950654114,9.880689446137152,2021-06-15 16:48:31.063
642,-0.44648073716785763,-1.4839679682071831,9.904726618479856,2021-06-15 16:48:31.053
643,-0.2735383614968887,-1.3966644574653966,9.91418099789909,2021-06-15 16:48:30.853
644,-0.3445203444084384,-1.3660624700116704,10.132757505309986,2021-06-15 16:48:30.853
645,-0.582146485942195,-1.695461362430112,9.830276552759228,2021-06-15 16:48:30.752
646,-0.7441921971741234,-1.4216238244696995,9.906866738762918,2021-06-15 16:48:30.653
647,-0.9068131592278066,-1.599738995250605,9.626183543535998,2021-06-15 16:48:30.552
648,-1.316447474401388,-1.6165828274505434,10.14361543375732,2021-06-15 16:48:30.453
649,-1.288076156050013,-1.5705312052910574,9.451547529479981,2021-06-15 16:48:30.353
650,-1.498412178689262,-1.4680717117381583,9.91626667174643,2021-06-15 16:48:30.253
651,-1.4581972985059775,-1.601606422645729,9.618844590136058,2021-06-15 16:48:30.152
652,-1.101119543457016,-1.6285671445423415,9.944734894628315,2021-06-15 16:48:30.053
653,-1.0690109086041708,-1.542802199432356,9.558510510946702,2021-06-15 16:48:29.943
654,-1.4052979732216997,-1.8747617896612567,9.978582302989954,2021-06-15 16:48:29.843
655,-1.1140992554374902,-1.6954342249606382,9.588814173849611,2021-06-15 16:48:29.732
656,-1.5416116409175504,-1.7270794771728961,9.689572012597774,2021-06-15 16:48:29.623
657,-1.2815522434343503,-1.2649460731297935,9.714699788594693,2021-06-15 16:48:29.523
658,-1.1776790686696312,-1.550335799363228,10.032859410411232,2021-06-15 16:48:29.413
659,-1.1549028657855445,-1.281441798041612,9.910663286587438,2021-06-15 16:48:29.303
660,-1.0170233805171192,-1.4848729176609456,9.829087335783857,2021-06-15 16:48:29.193
661,-1.1084794232380388,-1.3526462017982723,9.762019534005846,2021-06-15 16:48:29.092
662,-1.0881423876953276,-1.2723854223499265,9.74141573856815,2021-06-15 16:48:28.992
663,-0.8753804728657908,-1.4755475891068865,9.312196895006194,2021-06-15 16:48:28.783
664,-1.1641294926858368,-1.3437704724038873,9.877711770470814,2021-06-15 16:48:28.773
665,-1.0113705525473544,-1.4068261926330274,9.782862049807065,2021-06-15 16:48:28.573
666,-0.6576657766063527,-1.7153771563459843,9.683998527351942,2021-06-15 16:48:28.572
667,-0.9185062839089322,-1.3410369354578826,10.046783628709669,2021-06-15 16:48:28.472
668,-1.1648545374958754,-1.6858203496175634,9.713046601769744,2021-06-15 16:48:28.373
669,-0.9305101741365607,-1.4771184322343904,10.241264667730364,2021-06-15 16:48:28.273
670,-0.6616266621548124,-1.470078742842528,9.90199104816085,2021-06-15 16:48:28.073
671,-1.1275391742920458,-2.0150447879641327,9.53017053824479,2021-06-15 16:48:28.063
672,-1.3187114935785658,-1.5155466618678357,9.895908475335581,2021-06-15 16:48:27.863
673,-0.5915001312617156,-1.9776874078008282,9.103628269017632,2021-06-15 16:48:27.753
674,-0.8043293295733682,-1.701965723632989,10.042738294706187,2021-06-15 16:48:27.652
675,-1.0546460721819784,-1.4501566981553173,9.538246007258646,2021-06-15 16:48:27.543
676,-0.9264074563199123,-1.8483986497603584,9.454195133542449,2021-06-15 16:48:27.442
677,-0.8568382072480822,-1.67293956600194,9.917299043473117,2021-06-15 16:48:27.432
678,-0.5608139104797305,-1.9675293111629624,9.273088547872238,2021-06-15 16:48:27.232
679,-1.050983473984657,-2.0052768208922958,9.794856311264912,2021-06-15 16:48:27.231
680,-1.3565169004059827,-1.9396573986154495,9.877708267572135,2021-06-15 16:48:27.130
681,-0.8164928606601125,-1.796261931370518,9.68871913793432,2021-06-15 16:48:27.031
682,-0.7933220552405889,-1.795222746703896,10.109589898783684,2021-06-15 16:48:26.931
683,-1.103183821171323,-2.15395808020191,9.84298844998519,2021-06-15 16:48:26.831
684,-1.0494382719998718,-1.5360272030224271,9.250056281118251,2021-06-15 16:48:26.721
685,-1.146222990125721,-1.8194743570499354,9.073632829141058,2021-06-15 16:48:26.621
686,-0.9435650298447174,-2.043152358078058,9.925833982899775,2021-06-15 16:48:26.521
687,-0.7793817120956725,-2.0883937052700623,9.347718061029958,2021-06-15 16:48:26.411
688,-1.2990649611258254,-2.1117238636161293,9.583804277907067,2021-06-15 16:48:26.301
689,-1.0245887026536165,-2.1813704985029654,9.540575658911816,2021-06-15 16:48:26.201
690,-0.839466659539583,-2.7758085883356896,9.797263802317993,2021-06-15 16:48:26.101
691,-0.9731875081421122,-2.6626705896532923,9.58156530695103,2021-06-15 16:48:26.001
692,-1.0198264810397426,-2.545983127011176,9.789492087486678,2021-06-15 16:48:25.891
693,-0.916895414135112,-2.684801622185298,10.045859982985345,2021-06-15 16:48:25.791
694,-0.9425087520038542,-2.1511983871537086,8.988232100504185,2021-06-15 16:48:25.681
695,-0.7475858408854148,-2.592610175848193,9.795893007015932,2021-06-15 16:48:25.581
696,-0.8048721782928132,-2.2625222017109343,9.240456238698469,2021-06-15 16:48:25.482
697,-0.6370767911080775,-2.1228892610893637,9.090616214180137,2021-06-15 16:48:25.381
698,-0.9163773302820137,-2.536796378214207,9.80525184973252,2021-06-15 16:48:25.261
699,-0.9307378103847423,-2.292655909586672,9.070892249679392,2021-06-15 16:48:25.142
700,-0.7930935658620308,-2.570057780584008,9.742840981446761,2021-06-15 16:48:25.042
701,-0.8968173301998841,-2.359375771798078,9.637097492513917,2021-06-15 16:48:24.942
702,-0.765193143514521,-2.250965946385523,9.179132550211056,2021-06-15 16:48:24.742
703,-0.7526390349434546,-2.5860145486026243,9.736472442214433,2021-06-15 16:48:24.621
704,-0.5681752472059445,-2.6659240288550543,9.547725322719335,2021-06-15 16:48:24.601
705,-0.95729656589075,-2.5967787618510574,9.500319518520579,2021-06-15 16:48:24.401
706,-0.7124306432718563,-1.914391889106673,8.905042422808524,2021-06-15 16:48:24.382
707,-0.6526837008361921,-2.519629778776305,10.120443262487097,2021-06-15 16:48:24.282
708,-0.8306526694471796,-2.6155689877902675,9.205197385606555,2021-06-15 16:48:24.182
709,-0.9754165790932905,-2.343433645705539,9.22572039016251,2021-06-15 16:48:23.982
710,-0.7480009671960379,-2.7189750965456088,9.974838772145274,2021-06-15 16:48:23.861
711,-1.0343460660611203,-2.4736071298738267,9.121743076200696,2021-06-15 16:48:23.742
712,-1.3581315629215067,-3.193523287804904,9.782271428944462,2021-06-15 16:48:23.742
713,-0.7984681287459368,-3.2912086358640353,9.869308598605082,2021-06-15 16:48:23.642
714,-0.8144552346342713,-3.395542709414347,9.155252930285446,2021-06-15 16:48:23.541
715,-0.828994442690334,-3.3530719753133065,9.12300146235201,2021-06-15 16:48:23.421
716,-0.6965502488415563,-3.6631898330436568,8.987985507217775,2021-06-15 16:48:23.321
717,-0.7626466386617055,-3.7918318750521736,9.361150251897351,2021-06-15 16:48:23.222
718,-0.8726517682317669,-3.697959591476736,8.7791545218804,2021-06-15 16:48:23.101
719,-0.9134939588144153,-4.21550313081762,9.753342883911507,2021-06-15 16:48:23.001
720,-1.0035458665801265,-3.989338542030964,9.153849832552634,2021-06-15 16:48:22.882
721,-0.9016114459145248,-4.114867761150066,9.312994808935073,2021-06-15 16:48:22.762
722,-1.0784172410899329,-4.090606354768871,9.268597945508722,2021-06-15 16:48:22.642
723,-1.2888439192251042,-3.9668825462581405,9.039567921250727,2021-06-15 16:48:22.542
724,-1.0534419200053933,-4.178501567015337,9.081337065415084,2021-06-15 16:48:22.442
725,-1.0225459282662688,-4.423553437262269,9.464008687756417,2021-06-15 16:48:22.342
726,-1.4262190694128034,-4.026467826150068,8.745584565862794,2021-06-15 16:48:22.222
727,-1.49544272809203,-4.16986596369377,9.027853384006896,2021-06-15 16:48:22.122
728,-0.823954756451081,-4.386807760021664,9.269838670709063,2021-06-15 16:48:22.022
729,-0.844076483016416,-4.234728360051056,9.277626766269568,2021-06-15 16:48:21.922
730,-1.323739357067271,-4.258048194326509,9.153183389212433,2021-06-15 16:48:21.822
731,-1.594594191563079,-4.341780287545914,8.996174220823356,2021-06-15 16:48:21.702
732,-1.2660976726479938,-4.2238559811316705,9.139342519713999,2021-06-15 16:48:21.601
733,-1.061631224941414,-4.257095197074288,9.018323634187514,2021-06-15 16:48:21.482
734,-1.6346547041462893,-4.284461343729971,9.020219721586537,2021-06-15 16:48:21.381
735,-1.769520935212036,-4.114719509591426,9.066737541557629,2021-06-15 16:48:21.281
736,-1.8580051589327877,-3.914481002014341,9.255854352146756,2021-06-15 16:48:21.182
737,-1.5350175515428155,-3.91640958119064,9.571600487143195,2021-06-15 16:48:21.061
738,-1.688176169871389,-3.8939514497179517,9.231920799716443,2021-06-15 16:48:20.962
739,-2.305776903098396,-3.883867268451643,9.160153530051732,2021-06-15 16:48:20.842
740,-2.7503046174078776,-3.9614829472459863,9.135705061361985,2021-06-15 16:48:20.742
741,-2.820246673994916,-4.211184889620382,9.163135417955898,2021-06-15 16:48:20.622
742,-3.1957022147755865,-4.240617365972959,8.984197686467757,2021-06-15 16:48:20.522
743,-3.02927920596342,-3.962172134346632,8.727174190352622,2021-06-15 16:48:20.401
744,-2.8266325416985953,-3.318712858114567,9.215858112766169,2021-06-15 16:48:20.282
745,-3.0884161261957783,-3.5677438256650333,9.136390945406404,2021-06-15 16:48:20.181
746,-3.372428867683672,-3.58783553452471,8.908266678850655,2021-06-15 16:48:20.082
747,-3.5443997462362065,-3.6310794037707987,9.081703040734478,2021-06-15 16:48:19.982
748,-3.6353396317591713,-3.738122075712145,8.75245482718809,2021-06-15 16:48:19.861
749,-3.6924684675219273,-3.8370944363675354,8.723946874357676,2021-06-15 16:48:19.762
750,-3.773557777372405,-3.637164055634782,8.598107220728428,2021-06-15 16:48:19.641
751,-3.8832412841157566,-3.2717234317610426,8.803891542401033,2021-06-15 16:48:19.542
752,-3.6505237142635965,-3.536240658073752,9.00613611824942,2021-06-15 16:48:19.441
753,-3.110056485505188,-3.2488304887080006,9.02526091335615,2021-06-15 16:48:19.321
754,-3.080715147917764,-3.0186804271751666,9.23353188237311,2021-06-15 16:48:19.222
755,-2.9265761870948834,-2.8661746673080657,9.353499627662648,2021-06-15 16:48:19.121
756,-2.9870240361519578,-3.2634761871971576,9.309717078403066,2021-06-15 16:48:19.002
757,-3.0891268750135676,-3.31661469590843,9.063419185350545,2021-06-15 16:48:18.901
758,-2.9990197479157974,-3.022967277100068,8.817274878303689,2021-06-15 16:48:18.782
759,-2.720713919655119,-3.0289873797839015,9.087167741601275,2021-06-15 16:48:18.652
760,-2.433654797300811,-3.026443018070592,9.18150146009771,2021-06-15 16:48:18.552
761,-2.439831970699214,-2.9708481312442494,9.172183953274153,2021-06-15 16:48:18.442
762,-2.525088016184991,-2.9967436133623155,9.715240363181366,2021-06-15 16:48:18.341
763,-2.6658514644426106,-2.9958425794345422,9.28239807127816,2021-06-15 16:48:18.232
764,-2.7040226007774106,-2.8658014768099873,8.93195520763436,2021-06-15 16:48:18.131
765,-2.396256429261757,-3.0256377770419127,9.303627292947978,2021-06-15 16:48:18.032
766,-2.237621801963818,-2.698697392023286,9.28513734506475,2021-06-15 16:48:17.931
767,-2.0748916660190586,-2.6305688212147147,9.426264905655485,2021-06-15 16:48:17.831
768,-1.4522072218782316,-2.555342624565945,9.51459353441213,2021-06-15 16:48:17.721
769,-1.4402601461511375,-2.534190677352047,9.730086973999468,2021-06-15 16:48:17.612
770,-1.3154293987380241,-2.506144110375392,9.484305740986292,2021-06-15 16:48:17.511
771,-1.483771424306912,-2.4379421921886575,9.6238842986798,2021-06-15 16:48:17.402
772,-1.789840428052142,-2.4476430189430363,9.506833971186134,2021-06-15 16:48:17.302
773,-1.4502417471439815,-2.1074541942666327,9.655979939620662,2021-06-15 16:48:17.192
774,-1.4064895552646641,-1.6322609342660868,9.907975634228958,2021-06-15 16:48:17.082
775,-1.4359827578467397,-1.5267232525915313,9.57413962179368,2021-06-15 16:48:16.982
776,-1.5237137842017974,-1.522432105151469,10.222048528847377,2021-06-15 16:48:16.881
777,-1.4290988051407552,-1.279349111019064,10.16091511364788,2021-06-15 16:48:16.771
778,-1.0430527312495919,-1.2820086562674766,9.788220757279554,2021-06-15 16:48:16.672
779,-0.9002401639211701,-1.0384218727785424,9.779960328971873,2021-06-15 16:48:16.571
780,-0.8691413590211292,-1.1935073084672134,9.838626716004056,2021-06-15 16:48:16.461
781,-0.8044497889470836,-0.8174497582568301,9.80328805671259,2021-06-15 16:48:16.360
782,-0.6123870680396375,-1.4552121475230897,9.769801019715766,2021-06-15 16:48:16.251
783,-0.7455167782276835,-2.0013952211640778,10.147659949323264,2021-06-15 16:48:16.151
784,-0.8507084689061919,-0.9778137711822148,9.909428768687128,2021-06-15 16:48:16.051
785,-0.7897994246094739,-1.5056523454442945,9.636901419898164,2021-06-15 16:48:15.951
786,-0.9333006859934552,-1.4444997932026493,9.947420846126537,2021-06-15 16:48:15.841
787,-1.0379338412641284,-0.9463606979616861,10.02743298057259,2021-06-15 16:48:15.740
788,-0.8221350224566162,-1.416601149013986,9.669215651628354,2021-06-15 16:48:15.641
789,-1.0882420203276915,-1.065946751969984,9.975990869490683,2021-06-15 16:48:15.541
790,-0.8566657310685977,-0.9340152570672333,9.760061305516734,2021-06-15 16:48:15.441
791,-0.9165519071184012,-1.382993343725798,9.923111904394117,2021-06-15 16:48:15.330
792,-1.0427704751547715,-1.0870324459739984,9.67053835963955,2021-06-15 16:48:15.231
793,-1.137548911833555,-1.2608023136839708,9.851282959110632,2021-06-15 16:48:15.121
794,-1.2187546048058482,-1.400925357614398,9.667640743890399,2021-06-15 16:48:15.020
795,-1.2033621149646567,-1.0153693881019619,9.989272422957734,2021-06-15 16:48:14.911
796,-1.1025391790042214,-1.2946818555319202,9.72743174635244,2021-06-15 16:48:14.811
797,-1.201631510478864,-1.1748826341297902,9.996693840162878,2021-06-15 16:48:14.701
798,-1.0129753123657832,-1.2707878493714309,9.925051113935245,2021-06-15 16:48:14.601
799,-0.9827131031122531,-1.0938572454685462,9.371601370663537,2021-06-15 16:48:14.501
800,-1.3611841461389127,-1.4700144038914513,10.257263264075963,2021-06-15 16:48:14.400
801,-1.0598913781792199,-1.1684279369053021,9.721612203890686,2021-06-15 16:48:14.290
802,-1.1345005432359327,-0.9836826865832231,9.723575077309802,2021-06-15 16:48:14.181
803,-1.2310556379927198,-1.4855729868013157,10.175976912445616,2021-06-15 16:48:14.081
804,-0.8429908161223354,-1.5813376641850239,9.689361919514635,2021-06-15 16:48:13.971
805,-0.9913432555446091,-1.2322897676285636,9.795902083654996,2021-06-15 16:48:13.871
806,-1.085713765827299,-1.6371268440825593,9.615831360967157,2021-06-15 16:48:13.770
807,-0.9422152865013178,-1.5842604988778826,9.840441869530899,2021-06-15 16:48:13.661
808,-0.7209523405578677,-1.4732419908936727,9.85169776826642,2021-06-15 16:48:13.561
809,-0.6208317184257779,-1.3383849737556108,9.445073802429071,2021-06-15 16:48:13.461
810,-0.5271677856910428,-1.632223568261686,9.70605368340053,2021-06-15 16:48:13.351
811,-0.7917228162460199,-1.250104137820069,9.989757751643806,2021-06-15 16:48:13.250
812,-0.7981242312826429,-1.8646551653018664,10.09283709881252,2021-06-15 16:48:13.150
813,-0.5942842788950147,-1.9420304427208674,10.203513792017821,2021-06-15 16:48:13.041
814,-0.8691756393515897,-1.4178256966088263,9.798296412645398,2021-06-15 16:48:12.941
815,-0.8446325715234002,-1.808147004848192,9.559561066577015,2021-06-15 16:48:12.840
816,-0.5705375399393497,-1.652037046769566,10.156121534989763,2021-06-15 16:48:12.740
817,-0.5224979885013732,-1.8355336292209623,9.978670451907492,2021-06-15 16:48:12.640
818,-0.9064608778642773,-1.7345000309124683,9.888638690168548,2021-06-15 16:48:12.540
819,-0.7252363084522351,-1.7329641486735166,9.863171556252844,2021-06-15 16:48:12.440
820,-0.6116283345193017,-1.6587854125325743,9.594333108643953,2021-06-15 16:48:12.340
821,-0.6620386262274358,-2.7574839530819064,10.021521308603658,2021-06-15 16:48:12.141
822,-0.5778070860389732,-2.2055768616062976,9.807436807991044,2021-06-15 16:48:12.131
823,-0.4333586189284697,-2.1974560816323896,9.434682485243215,2021-06-15 16:48:12.031
824,-0.5263425889184434,-2.301005701575712,9.75330110854452,2021-06-15 16:48:11.831
825,-0.8834102074737129,-2.5763583830666565,10.106562785810937,2021-06-15 16:48:11.721
826,-0.23638326513559949,-2.721948732768622,9.881221515504956,2021-06-15 16:48:11.710
827,-0.6036575074192858,-2.414101992979858,9.361062153954453,2021-06-15 16:48:11.611
828,-0.9050516505379598,-2.0760327078331295,9.049535022348772,2021-06-15 16:48:11.411
829,-0.44614401649403024,-2.270064614731587,9.56238035134439,2021-06-15 16:48:11.400
830,-0.3727828213614339,-2.5124536687905663,9.868805643387969,2021-06-15 16:48:11.201
831,-0.8395341068850788,-2.489698579386347,9.692041310281962,2021-06-15 16:48:11.090
832,-0.868366272481667,-2.0261574839407293,9.108095008113914,2021-06-15 16:48:10.981
833,-0.6792575730225594,-2.2489684073632974,9.35186380427365,2021-06-15 16:48:10.880
834,-0.8064742670771723,-2.601014128111344,9.910906914827555,2021-06-15 16:48:10.870
835,-0.7048925749975994,-2.435644431876919,9.582018844448838,2021-06-15 16:48:10.671
836,-0.6750934907833317,-2.1869472619294466,9.17163074708741,2021-06-15 16:48:10.670
837,-0.8629639169237879,-2.5486721184584016,9.556869503008466,2021-06-15 16:48:10.470
838,-0.6047585505900277,-2.4676299322362674,10.011971967736848,2021-06-15 16:48:10.361
839,-0.5503399809911556,-2.6427742218371897,9.337512565867788,2021-06-15 16:48:10.350
840,-1.0519949091539034,-2.7642645400969426,9.723429998458814,2021-06-15 16:48:10.151
841,-0.7958899516034119,-2.686694896662705,9.406190854192502,2021-06-15 16:48:10.150
842,-0.31829080782102426,-2.6040402174955597,9.77837389983996,2021-06-15 16:48:10.051
843,-0.730816625973665,-2.9351596181592847,9.315196576535731,2021-06-15 16:48:09.940
844,-0.917599385362788,-2.8813774948453164,9.36927092706464,2021-06-15 16:48:09.841
845,-0.4785304125569003,-3.1049029136930932,9.561798127187718,2021-06-15 16:48:09.741
846,-0.5789119083001395,-3.1071050970408836,9.530924288740039,2021-06-15 16:48:09.631
847,-0.6800816510433629,-3.0037569312934465,9.56990745633841,2021-06-15 16:48:09.531
848,-0.4699015573523835,-3.0499023440119455,9.344712565072228,2021-06-15 16:48:09.420
849,-0.5558260551535188,-2.8750749842294305,8.985551941562099,2021-06-15 16:48:09.320
850,-0.5764510657395263,-3.2322348139539763,9.816842707013809,2021-06-15 16:48:09.220
851,-0.6038214211357256,-3.3252215279071553,9.7895553351973,2021-06-15 16:48:09.121
852,-0.5160369375444296,-3.0975059314392563,9.341037408442736,2021-06-15 16:48:09.021
853,-0.5816782170855486,-3.0361696728456047,9.241138186357608,2021-06-15 16:48:08.910
854,-0.6137939933831535,-3.0515229043677836,9.117913761892199,2021-06-15 16:48:08.811
855,-0.4729745177234723,-3.177064359025585,9.573574593664866,2021-06-15 16:48:08.710
856,-0.47413549051795933,-3.2130890801215846,9.398153653667126,2021-06-15 16:48:08.609
857,-0.7027447330491652,-3.4354407009068195,9.604758695414356,2021-06-15 16:48:08.499
858,-0.6278833397478001,-3.2775464683713555,9.095181468158962,2021-06-15 16:48:08.399
859,-0.5450151154317382,-3.4356121072838612,9.582837415445052,2021-06-15 16:48:08.300
860,-0.6835254981148389,-3.6804356275089747,9.914921224402185,2021-06-15 16:48:08.199
861,-0.6553572500024456,-3.4786637121857105,9.262535595010668,2021-06-15 16:48:08.089
862,-0.7222489006636037,-3.5844226854831907,9.495920067382547,2021-06-15 16:48:07.989
863,-0.5437748634720032,-3.454518352298367,9.213281168864981,2021-06-15 16:48:07.879
864,-0.4478311048639434,-3.638880737663642,9.45476936370974,2021-06-15 16:48:07.780
865,-0.5976604497948279,-3.5629946154568466,9.419982453593207,2021-06-15 16:48:07.679
866,-0.434013804861513,-3.6422434230409886,9.195456868140287,2021-06-15 16:48:07.549
867,-0.7776085240831094,-3.677511189905242,9.418908765478175,2021-06-15 16:48:07.449
868,-0.589206538850487,-3.647643274332151,9.178150508096262,2021-06-15 16:48:07.349
869,-0.4903627398761139,-3.79245407753322,9.530670515729954,2021-06-15 16:48:07.249
870,-0.6447013596090159,-3.6889641478598407,9.202786713383462,2021-06-15 16:48:07.139
871,-0.4577757417950252,-3.497552231619456,9.544232712999142,2021-06-15 16:48:07.028
872,-0.5665818157372597,-3.2566117176953773,9.545501556718962,2021-06-15 16:48:06.928
873,-0.6789570907239164,-3.3941097048102167,9.714404034558152,2021-06-15 16:48:06.819
874,-0.5819455000315585,-3.1071239896564804,9.224602534869758,2021-06-15 16:48:06.719
875,-0.6544068649741568,-3.1813116527463867,9.373214414345016,2021-06-15 16:48:06.618
876,-0.7988454542145766,-3.220783686989458,9.420475147334056,2021-06-15 16:48:06.518
877,-0.5056308473274016,-3.2057584485024915,9.420939465743096,2021-06-15 16:48:06.409
878,-0.4550744687254198,-3.208121958174463,9.29887831467422,2021-06-15 16:48:06.308
879,-0.8187417822377543,-3.1134018490757747,9.374275924143024,2021-06-15 16:48:06.208
880,-0.6789671901784993,-3.149208156916652,9.42478493718587,2021-06-15 16:48:06.108
881,-0.7611889528291711,-3.248534691148847,9.389882580430367,2021-06-15 16:48:06.009
882,-1.2773400032082574,-3.1636661877801613,9.201833867537253,2021-06-15 16:48:05.908
883,-1.6771753647341627,-2.83689474570811,9.54704274667768,2021-06-15 16:48:05.808
884,-1.2299682974099782,-2.641342083819591,9.655740122837194,2021-06-15 16:48:05.698
885,-1.190007177564789,-2.6200258607593416,9.4457576539381,2021-06-15 16:48:05.598
886,-1.509472303718538,-2.535958955216645,9.420902106769095,2021-06-15 16:48:05.499
887,-1.683592407713368,-2.7710744953491964,9.667183739828758,2021-06-15 16:48:05.399
888,-1.5159221516776042,-2.671496178118197,9.60879783943123,2021-06-15 16:48:05.289
889,-1.8083618830586077,-2.557896782353558,9.43771173250347,2021-06-15 16:48:05.189
890,-2.286212459835993,-2.5614647012390113,9.09709554117206,2021-06-15 16:48:05.079
891,-2.415644368771123,-2.4610753092379345,9.388778018810813,2021-06-15 16:48:04.969
892,-2.211190220946773,-2.5693556749651476,9.692381440601421,2021-06-15 16:48:04.858
893,-1.9716973776090292,-2.827786464101761,9.690212586425588,2021-06-15 16:48:04.759
894,-2.192449614151137,-2.6851926546787834,9.333923133114189,2021-06-15 16:48:04.649
895,-2.6608526517640074,-3.0079158854946515,9.726896669113069,2021-06-15 16:48:04.538
896,-2.207775939030258,-2.756838908768443,9.83817119305492,2021-06-15 16:48:04.428
897,-1.5127430496320378,-2.2946151632328506,9.491187143916154,2021-06-15 16:48:04.329
898,-1.5995763511417795,-2.113212810898347,9.19708067422285,2021-06-15 16:48:04.229
899,-2.4012044241633586,-2.239694850551501,9.266069357220825,2021-06-15 16:48:04.118
900,-2.8692264224980155,-2.1047236794406006,9.532697776029696,2021-06-15 16:48:04.008
901,-2.911095603828686,-2.0625483179689716,9.43559591843131,2021-06-15 16:48:03.909
902,-3.0076497766143615,-2.0501043876088887,9.42743841095526,2021-06-15 16:48:03.799
903,-2.8943077762458236,-2.1739392850335317,9.624195008508735,2021-06-15 16:48:03.698
904,-2.7330114965353856,-2.0872806144803717,9.502791976994882,2021-06-15 16:48:03.598
905,-2.2897174479979663,-2.528012596701808,9.351924439623971,2021-06-15 16:48:03.498
906,-2.678573215426852,-1.9447753186570766,9.36464614734598,2021-06-15 16:48:03.399
907,-3.0664917546724695,-1.9443650682078868,9.12718445856789,2021-06-15 16:48:03.298
908,-2.9731587676023423,-2.1684593766628217,9.30312976341541,2021-06-15 16:48:03.188
909,-2.6886487679094655,-2.1810318762514767,9.397546372617034,2021-06-15 16:48:03.088
910,-2.812397300566161,-1.725474196630004,9.63112209602559,2021-06-15 16:48:02.988
911,-2.8964192521668193,-1.5812367897073076,9.492981707886267,2021-06-15 16:48:02.888
912,-2.719938104923851,-1.820460239049456,9.674263182262694,2021-06-15 16:48:02.788
913,-2.9206991837083858,-1.5271386658434123,9.692831862211735,2021-06-15 16:48:02.687
914,-3.1727425643787486,-1.6921306465587738,9.470987298870895,2021-06-15 16:48:02.587
915,-3.1448655494782822,-1.3501402974120738,9.49056323115004,2021-06-15 16:48:02.487
916,-2.7704797489836634,-1.4483880643667315,9.377783339852758,2021-06-15 16:48:02.386
917,-2.5717680736154827,-1.3348829528305934,9.982971586005835,2021-06-15 16:48:02.287
918,-2.4226709304607708,-1.0341518342003786,9.452065023508204,2021-06-15 16:48:02.176
919,-2.310560303950471,-1.3495304849637164,9.810377154725309,2021-06-15 16:48:02.077
920,-2.2204107482961435,-0.758073388833056,9.591496601589693,2021-06-15 16:48:01.966
921,-2.052058076203293,-1.0742355956775107,9.667302533915148,2021-06-15 16:48:01.866
922,-1.3595297592462947,-1.260771337095706,9.946951781108073,2021-06-15 16:48:01.766
923,-1.0590014211184147,-0.9653381966041512,9.859262581118598,2021-06-15 16:48:01.666
924,-0.7256258092802494,-1.27759979724088,9.842169930901935,2021-06-15 16:48:01.565
925,-0.988589776796815,-1.25732442870435,9.87971055841219,2021-06-15 16:48:01.465
926,-1.657249457761262,-1.271918549882455,9.962158944754323,2021-06-15 16:48:01.365
927,-1.1927809736312032,-1.6674239646956557,9.58047784806323,2021-06-15 16:48:01.266
928,-1.2730967646028923,-1.4445170413638415,10.285786900940764,2021-06-15 16:48:01.165
929,-0.7776398785689944,-1.7932577926772333,9.215175164236065,2021-06-15 16:48:01.066
930,-0.8404429973784544,-1.4644366298125138,9.927471028189075,2021-06-15 16:48:00.966
931,-0.9901839892878892,-1.6792065579690583,9.860028432771617,2021-06-15 16:48:00.855
932,-1.0549748946429427,-1.8518843680515937,10.055708576459288,2021-06-15 16:48:00.755
933,-0.9717305006475363,-1.6502161808550078,9.83620912691751,2021-06-15 16:48:00.645
934,-1.196769826887599,-1.6854627789147134,9.695734980574159,2021-06-15 16:48:00.546
935,-1.2692415990327208,-1.6647693658274978,9.928773850193648,2021-06-15 16:48:00.446
936,-0.9486354326063684,-1.8743227696017564,9.367157990844541,2021-06-15 16:48:00.345
937,-0.8681060779433398,-1.657518547390974,10.102294069566694,2021-06-15 16:48:00.245
938,-0.3364806214104781,-1.6183891407915199,9.516379645077462,2021-06-15 16:48:00.135
939,-0.2406444073829106,-2.1007068803615354,10.2588551359976,2021-06-15 16:48:00.035
940,-0.2661999521841132,-2.0996856114249756,9.585475487838561,2021-06-15 16:47:59.926
941,-0.6773582727412972,-1.6420294192700498,9.870158895704089,2021-06-15 16:47:59.825
942,-0.7274075560751656,-1.8888972322697577,9.502041496813753,2021-06-15 16:47:59.726
943,-0.6487263363458893,-1.9712609364409421,9.974146271883663,2021-06-15 16:47:59.625
944,-0.5887443424257361,-2.381585739912396,9.805421617476096,2021-06-15 16:47:59.525
945,-0.48772594611915987,-2.490600010738709,9.835473987545184,2021-06-15 16:47:59.416
946,-0.6060705216695705,-2.3593001529759494,9.531539468766258,2021-06-15 16:47:59.315
947,-0.7875163662144549,-2.4646083194570134,9.573482413666303,2021-06-15 16:47:59.215
948,-0.8080999619741291,-2.34254626272404,9.48613970077972,2021-06-15 16:47:59.116
949,-0.6621078287939237,-2.341256161240242,9.508403186920328,2021-06-15 16:47:59.015
950,-0.7055755185999415,-2.5372973388634543,9.834153168173264,2021-06-15 16:47:58.916
951,-0.8498997226105793,-2.288754793001453,9.57457622710248,2021-06-15 16:47:58.806
952,-0.8649437693604456,-2.4432486944686436,9.914675927030608,2021-06-15 16:47:58.705
953,-0.3605063989574342,-2.370456254451376,9.446135001706963,2021-06-15 16:47:58.595
954,-0.42022910052350126,-2.333099939255512,9.582506293370132,2021-06-15 16:47:58.495
955,-0.8200403218521721,-2.5236591708517704,9.838841028874233,2021-06-15 16:47:58.386
956,-0.42801570517158805,-2.299898313308192,9.449867770602578,2021-06-15 16:47:58.276
957,-0.47957692366354543,-2.4151487115886097,9.877305412088386,2021-06-15 16:47:58.175
958,-0.6138078879086923,-2.31605378574223,9.573849315015304,2021-06-15 16:47:58.076
959,-0.2154980575956562,-2.4591894332731643,9.966686097754783,2021-06-15 16:47:57.975
960,-0.19485331447560128,-2.4326353557956706,9.56328789350474,2021-06-15 16:47:57.865
961,-0.9174997924058319,-2.557444130123766,9.947951309580972,2021-06-15 16:47:57.755
962,-0.4674822023311851,-2.3102516885017685,9.251227466401604,2021-06-15 16:47:57.655
963,-0.050141149172506116,-2.6038558701517545,9.828713739870892,2021-06-15 16:47:57.546
964,-0.34006202148206954,-2.7553199470436365,9.595192082435045,2021-06-15 16:47:57.445
965,-0.5577465671415025,-2.573605027008729,9.554578324053988,2021-06-15 16:47:57.346
966,-0.3643114746146827,-2.887139668094644,9.705717061924359,2021-06-15 16:47:57.235
967,-0.16060267548294682,-2.537706673505546,9.642673284570227,2021-06-15 16:47:57.135
968,-0.33000296925820316,-2.726517371549472,9.903726037170086,2021-06-15 16:47:57.036
969,-0.6007262813303311,-2.623997669794418,9.623833430477443,2021-06-15 16:47:56.936
970,-0.3364435089732949,-2.6446602309139826,9.556039907490488,2021-06-15 16:47:56.826
971,-0.27178620965956957,-2.642940805440679,9.85441519158994,2021-06-15 16:47:56.715
972,-0.4569114663501328,-2.429661021068345,9.724626771996322,2021-06-15 16:47:56.615
973,-0.3550369232882482,-2.5024909152212276,9.462462539413073,2021-06-15 16:47:56.515
974,-0.3014219549908961,-2.5652441918192372,9.486823999238691,2021-06-15 16:47:56.406
975,-0.39507648676450957,-2.5101895271621015,9.663931475292191,2021-06-15 16:47:56.295
976,-0.23277260943862643,-2.5026231441465026,9.811878553989935,2021-06-15 16:47:56.186
977,-0.31732964195873303,-2.49723601013356,9.71490241538731,2021-06-15 16:47:56.085
978,-0.387005296288329,-2.424179102039373,9.62301379098449,2021-06-15 16:47:55.985
979,-0.3031884037300545,-2.5252065708067932,9.751498354744394,2021-06-15 16:47:55.886
980,-0.0509017529831135,-2.452321312504276,9.63954147607856,2021-06-15 16:47:55.775
981,-0.36902414026063113,-2.4229330577225174,9.57300302459616,2021-06-15 16:47:55.666
982,-0.3167544696381508,-2.4478515498052538,9.679432486483329,2021-06-15 16:47:55.565
983,-0.1484901885037626,-2.5659654082261283,9.772404991425455,2021-06-15 16:47:55.465
984,-0.4948316065683376,-2.525668025618042,9.790896872377827,2021-06-15 16:47:55.365
985,-0.6854214171895643,-2.4275487749922107,9.443312047039147,2021-06-15 16:47:55.255
986,-0.8473831165596066,-2.570661889221711,9.552524838070587,2021-06-15 16:47:55.156
987,-1.1793783209265247,-2.6015450374018707,9.617268460531974,2021-06-15 16:47:55.045
988,-1.2904973664655355,-2.5153000016218523,9.48020488850144,2021-06-15 16:47:54.945
989,-1.5712486954856646,-2.3810702772608323,9.420775445522288,2021-06-15 16:47:54.846
990,-1.6491114454513132,-2.5197834396706735,9.599534423528155,2021-06-15 16:47:54.746
991,-1.3303052785552403,-2.4214995081607094,9.596259129172783,2021-06-15 16:47:54.636
992,-1.275730068604699,-2.40346785710848,9.374828513323095,2021-06-15 16:47:54.536
993,-1.1803127693123983,-2.471031945576572,9.601157135629144,2021-06-15 16:47:54.436
994,-1.1319310895534835,-2.451780153497641,9.41203072158957,2021-06-15 16:47:54.336
995,-1.1239011968679071,-2.359735747741754,9.572633917742348,2021-06-15 16:47:54.236
996,-1.1819169070568112,-2.4911312553933347,9.968923139118864,2021-06-15 16:47:54.126
997,-1.0533920427328487,-2.4724356526845686,9.791634356665018,2021-06-15 16:47:54.026
998,-0.8592317259084203,-2.236488161743779,9.343859255678296,2021-06-15 16:47:53.926
999,-0.7609176439412895,-2.307363534320251,9.539283260211281,2021-06-15 16:47:53.815
1000,-0.6777595975532755,-2.3186478610192642,9.62414736660528,2021-06-15 16:47:53.716
1001,-0.39469360517882945,-2.3104167006476195,9.524970833807105,2021-06-15 16:47:53.615
1002,-0.1887426749906398,-2.268708932672935,9.634214834731834,2021-06-15 16:47:53.515
1003,-0.1134978445686734,-2.3098074953743857,9.569810456368582,2021-06-15 16:47:53.406
1004,0.11791377542228898,-2.377210618884441,9.649729964161295,2021-06-15 16:47:53.295
1005,0.3151221542483753,-2.4420073222835055,9.775871422979085,2021-06-15 16:47:53.195
1006,0.6224153763113816,-2.6586661986412246,9.864797801376529,2021-06-15 16:47:53.095
1007,0.7015265471021543,-2.522780125346571,9.692949880691954,2021-06-15 16:47:52.986
1008,0.5567548848251287,-2.5124103697331512,9.621326544284555,2021-06-15 16:47:52.876
1009,0.432591043417879,-2.738865418817565,9.940917101788601,2021-06-15 16:47:52.766
1010,0.4668228857415495,-2.6694678164142376,9.817984527890133,2021-06-15 16:47:52.655
1011,0.6792210010965452,-2.598615748742642,9.838462903644956,2021-06-15 16:47:52.555
1012,0.3430979166990462,-2.5176912039408044,9.347575798132594,2021-06-15 16:47:52.455
1013,0.15859482922048707,-2.597061305764081,9.740716442722658,2021-06-15 16:47:52.355
1014,0.44065303919671983,-2.5671499722042284,9.761723628036755,2021-06-15 16:47:52.256
1015,0.4806839931645408,-2.537276077152095,9.663044480275191,2021-06-15 16:47:52.145
1016,0.20967814044653688,-2.4414579603658924,9.606046222111216,2021-06-15 16:47:52.036
1017,0.07305277258559384,-2.6472459368476504,9.644408091671725,2021-06-15 16:47:51.936
1018,-0.06651099423715023,-2.4127862908952995,9.661850772512583,2021-06-15 16:47:51.825
1019,-0.14214839896148868,-2.5401091072859567,10.190708412733267,2021-06-15 16:47:51.726
1020,0.10752652334887403,-2.6860547105612564,10.130701468289281,2021-06-15 16:47:51.625
1021,0.23664525412481052,-2.3393241114217416,9.072357838255227,2021-06-15 16:47:51.525
1022,-0.5238062830777592,-2.948714510670957,9.754120255290356,2021-06-15 16:47:51.416
1023,-0.9274084654929435,-2.8201508076508084,10.003175792521764,2021-06-15 16:47:51.315
1024,-0.7256176843206441,-2.5006196380568957,9.612263323123315,2021-06-15 16:47:51.215
1025,-0.31643242909206015,-2.5596940892557534,9.205678195193448,2021-06-15 16:47:51.115
1026,0.03429769777970404,-2.483942912044332,9.116924773291618,2021-06-15 16:47:51.016
1027,-0.23720408650348968,-2.610323368989777,9.255253276180417,2021-06-15 16:47:50.905
1028,-0.23757342709629925,-1.8755639314931574,9.291308641807206,2021-06-15 16:47:50.795
1029,-0.30568163267796855,-1.4327263631523732,9.32966223315539,2021-06-15 16:47:50.686
1030,-0.7778142895696021,-2.4242805788346313,9.759073617744631,2021-06-15 16:47:50.586
1031,-0.3412852794482313,-2.4776654001925715,9.085313004836005,2021-06-15 16:47:50.485
1032,-0.21818330550931186,-2.5985783361243584,10.26014206148514,2021-06-15 16:47:50.376
1033,-0.10032038334937465,-2.030523100677616,9.456916423151652,2021-06-15 16:47:50.276
1034,-0.22440654576184205,-2.0218504329303513,9.574933179631493,2021-06-15 16:47:50.175
1035,-0.8273745764728306,-2.962519972030614,9.239337729590048,2021-06-15 16:47:50.075
1036,-1.2152829012596043,-2.430951774220339,9.82042586376422,2021-06-15 16:47:49.976
1037,-0.4092460134678013,-2.649889561432458,9.614322897834583,2021-06-15 16:47:49.865
1038,-0.25924154436183455,-2.461381716642948,10.020133656591868,2021-06-15 16:47:49.766
1039,-0.2351450428153392,-2.632953640838925,9.89832644172485,2021-06-15 16:47:49.665
1040,-0.40640767656139554,-3.1331881100257184,9.177262240188359,2021-06-15 16:47:49.566
1041,-1.2734240170895101,-2.331439690813018,9.303523655209574,2021-06-15 16:47:49.465
1042,-0.8879779849509748,-2.9361343966084874,9.422799929471708,2021-06-15 16:47:49.266
1043,-0.3611994862443644,-2.412423451347749,9.377672931427766,2021-06-15 16:47:49.156
1044,-0.9788778415372643,-2.8479581615302814,10.196824817863527,2021-06-15 16:47:49.155
1045,-0.45709746597782575,-3.0239589222115364,9.839843820463356,2021-06-15 16:47:49.056
1046,-0.9274101001389476,-2.4122089429554556,9.641745158896056,2021-06-15 16:47:48.956
1047,-0.824160607860388,-3.2835972137988003,9.984048711510678,2021-06-15 16:47:48.845
1048,-0.7666668568721204,-2.0182251908511186,9.257185142698392,2021-06-15 16:47:48.746
1049,-0.664820711468592,-1.9457060603688952,9.433496709388136,2021-06-15 16:47:48.645
1050,0.7187166191712562,-2.0087860630506604,8.448723196259113,2021-06-15 16:47:48.545
1051,0.21438009669710945,-1.488997422050625,9.319706614425968,2021-06-15 16:47:48.436
1052,-0.024326793877548214,-3.195198561097539,10.10797484163118,2021-06-15 16:47:48.336
1053,-0.8335237931727075,-3.6102977758615387,11.743862050540915,2021-06-15 16:47:48.226
1054,-1.9507332012811136,-3.255234426540909,10.321859225582095,2021-06-15 16:47:48.125
1055,-0.3044518407637302,-3.476813424861345,9.813640258494354,2021-06-15 16:47:48.025
1056,0.4435428083571191,-2.940872823878987,8.349370640333865,2021-06-15 16:47:47.916
1057,-0.023834413501365503,-1.5761933385724554,8.562396025568967,2021-06-15 16:47:47.815
1058,-0.3090738847524568,-0.996496506958219,10.715425696187832,2021-06-15 16:47:47.605
1059,-1.5781828128723168,-1.4086280338158805,11.259564468646493,2021-06-15 16:47:47.575
1060,-0.5287336281725048,-1.1233557162670933,9.028737983438095,2021-06-15 16:47:47.466
1061,-0.6382309987538071,-1.9385225946012867,10.670689301237129,2021-06-15 16:47:47.365
1062,-0.8837701302280001,-1.601988278423104,8.812479946619268,2021-06-15 16:47:47.265
1063,-0.5178702327459743,-1.5131015680808866,9.238072799521836,2021-06-15 16:47:47.166
1064,-0.6090475006881375,-1.7140177528218148,9.628499692574778,2021-06-15 16:47:47.065
1065,-0.703100980085865,-1.7883657449511223,10.332465998607212,2021-06-15 16:47:46.965
1066,-0.920759449362393,-0.900176233324899,10.438180948388199,2021-06-15 16:47:46.855
1067,-0.7143187778947655,-1.315897983640327,9.496037279948675,2021-06-15 16:47:46.746
1068,-0.6100154188375444,-1.0057445567393786,10.283310316828926,2021-06-15 16:47:46.635
1069,-0.5640009180394385,-1.2744694180161718,9.920417413302854,2021-06-15 16:47:46.525
1070,-0.5267267262248359,-1.0772081101722164,9.626971635402011,2021-06-15 16:47:46.426
1071,-0.6024390625561398,-0.9054219629356335,9.93069369589907,2021-06-15 16:47:46.326
1072,-0.6778227382159525,-0.7597522471878766,10.044532344364576,2021-06-15 16:47:46.225
1073,-0.7629175533750789,-1.4626477678262528,10.010407373244583,2021-06-15 16:47:46.126
1074,-0.6177251725858839,-0.9739259667304463,10.456123727907464,2021-06-15 16:47:46.026
1075,-0.4559352107039374,-0.9949316648754012,9.728288679173334,2021-06-15 16:47:45.925
1076,-0.8106524380435873,-1.3787799521585953,9.588894932675462,2021-06-15 16:47:45.826
1077,-1.0447626504479701,-0.9739627062032321,9.343110071456444,2021-06-15 16:47:45.716
1078,-1.0961158229592995,-1.0290891586880444,9.606839754210585,2021-06-15 16:47:45.616
1079,-0.6872692362326913,-1.6437559108439679,10.01223348556842,2021-06-15 16:47:45.516
1080,-0.7121292599604048,-1.146159381343392,10.164697690261495,2021-06-15 16:47:45.415
1081,-1.010838792737949,-1.4034470223322524,9.584273674582207,2021-06-15 16:47:45.306
1082,-1.1081190483022425,-0.8329930451306282,9.384017372540391,2021-06-15 16:47:45.206
1083,-0.9291090107951603,-0.7808469734313488,9.601090367126924,2021-06-15 16:47:45.105
1084,-0.8410377322799061,-1.2758228939460077,9.519558830766536,2021-06-15 16:47:44.995
1085,-0.8652513035745091,-1.0930305728384186,10.51431050463909,2021-06-15 16:47:44.896
1086,-1.0236260190104867,-1.4959576865454016,9.678121147249065,2021-06-15 16:47:44.786
1087,-0.8779398846323858,-1.4531953672018494,9.78624068642127,2021-06-15 16:47:44.686
1088,-0.45020102561540853,-0.8945012638237744,8.781401846075564,2021-06-15 16:47:44.576
1089,-0.754531868005013,-1.347676988564201,9.796333512214531,2021-06-15 16:47:44.476
1090,-1.4417881586354537,-1.3808481497187874,10.348103085622327,2021-06-15 16:47:44.365
1091,-0.969111881384453,-1.2913063215630949,9.60436353181856,2021-06-15 16:47:44.256
1092,-0.7276013747391206,-1.0780183610781018,9.80390880510194,2021-06-15 16:47:44.155
1093,-1.0750926060852486,-1.5451759778639165,9.352128896321567,2021-06-15 16:47:44.046
1094,-1.3737271733530192,-1.3186520899663927,10.57688456778409,2021-06-15 16:47:43.946
1095,-1.0241634895558842,-1.4312398889301905,10.195668816628343,2021-06-15 16:47:43.845
1096,-1.1030066971836814,-1.904857615458662,9.842840268678422,2021-06-15 16:47:43.745
1097,-1.4914093929753691,-1.5219762940783976,9.286693923688018,2021-06-15 16:47:43.645
1098,-1.9086438592390744,-1.6453222054411207,10.483472660163242,2021-06-15 16:47:43.546
1099,-0.7231536147915176,-2.2124546934549616,10.102072255807645,2021-06-15 16:47:43.436
1100,-0.5671285826465073,-1.6917945937503323,9.43678051594606,2021-06-15 16:47:43.336
1101,-1.5536093789967689,-1.6564928305675584,9.537324570356494,2021-06-15 16:47:43.236
1102,-1.1101046169303048,-1.49294402993864,9.92138578039543,2021-06-15 16:47:43.136
1103,-0.31335704400452147,-2.1631400011908086,9.703220611396429,2021-06-15 16:47:43.026
1104,-0.8532566469204472,-2.075147251742943,9.980201208945111,2021-06-15 16:47:42.925
1105,-1.1443010151154454,-1.47500330149626,9.441435167865132,2021-06-15 16:47:42.815
1106,-0.8285433453868234,-1.5007599171508352,9.266055723586824,2021-06-15 16:47:42.716
1107,-1.3172844416657168,-1.8272350668015602,10.638147212524885,2021-06-15 16:47:42.615
1108,-0.7277685245066796,-1.6967651215039021,9.747398623873995,2021-06-15 16:47:42.516
1109,-0.41932659386874294,-1.4671844788833255,9.719254608200009,2021-06-15 16:47:42.415
1110,-0.8650529331543539,-1.7875349850424302,9.021818315005062,2021-06-15 16:47:42.315
1111,-1.1617122637564796,-1.547042286976911,9.669723450501618,2021-06-15 16:47:42.215
1112,-0.8955520984861101,-2.1762216850367215,10.999775840844892,2021-06-15 16:47:42.115
1113,-0.25134778840371763,-2.0083532765712557,9.756996844154266,2021-06-15 16:47:42.016
1114,-0.7014986314786305,-0.9898931245947011,9.665224904362756,2021-06-15 16:47:41.916
1115,-1.1674740754146176,-1.9812011392258784,9.703828477829767,2021-06-15 16:47:41.816
1116,-0.4234986703127688,-1.9731283091796104,9.850598687128018,2021-06-15 16:47:41.705
1117,-0.6139233967249513,-1.4361053688470031,8.77437461011315,2021-06-15 16:47:41.604
1118,-0.44605134016885395,-2.3992302813104094,9.869468867186638,2021-06-15 16:47:41.504
1119,-0.6940804856674001,-1.6162387450358957,10.188930701082242,2021-06-15 16:47:41.404
1120,-0.6062076031858514,-1.8643950829722535,9.676779791849894,2021-06-15 16:47:41.294
1121,-0.8838505492497235,-2.2114121144023384,10.192063074373065,2021-06-15 16:47:41.184
1122,-0.8716377286745178,-1.896579506430037,10.031683296789222,2021-06-15 16:47:41.074
1123,-0.41933668693421744,-1.8705383673913878,9.321214995525002,2021-06-15 16:47:40.974
1124,-0.7956183381966562,-1.8986023658714846,9.855402146231866,2021-06-15 16:47:40.865
1125,-1.3812555411808343,-1.90485037912925,9.793574238630994,2021-06-15 16:47:40.765
1126,-1.2645364436922695,-1.6850738113529529,9.688228304032807,2021-06-15 16:47:40.665
1127,-1.1120276669344438,-1.8634346875340615,9.371264313644975,2021-06-15 16:47:40.565
1128,-1.3823638990453309,-1.6774755681624782,9.245689829854953,2021-06-15 16:47:40.465
1129,-1.501238468885047,-1.6222609259948344,9.15870640284552,2021-06-15 16:47:40.355
1130,-1.4626648005994782,-2.1540977953418166,10.80272913600495,2021-06-15 16:47:40.255
1131,-0.22075722286313493,-1.997639066162448,10.513055982972464,2021-06-15 16:47:40.154
1132,-0.46200399207441567,-1.944009816376918,8.852674636278293,2021-06-15 16:47:40.044
1133,-1.12272541692629,-1.098314893984473,8.674356344838888,2021-06-15 16:47:39.944
1134,-0.8898818250920237,-2.1103885967039755,11.078759839261657,2021-06-15 16:47:39.835
1135,-0.6163002763232173,-1.507514637467858,8.957078060041022,2021-06-15 16:47:39.724
1136,-1.783560805778361,-1.6802636869774572,9.263099988395911,2021-06-15 16:47:39.614
1137,-1.4502241126070832,-2.1801388712474608,10.096489418589933,2021-06-15 16:47:39.514
1138,-0.4555912774123887,-2.068792239065267,9.533623698484464,2021-06-15 16:47:39.404
1139,-0.5534816410704964,-1.4559631875685959,9.85423098972285,2021-06-15 16:47:39.304
1140,-0.4951958821822038,-2.4690067168420384,9.878828911351786,2021-06-15 16:47:39.204
1141,-0.7957520988464677,-1.8238738371246517,10.06513468532907,2021-06-15 16:47:39.104
1142,-0.6600131150344324,-2.4296269419320216,9.84840370162961,2021-06-15 16:47:39.005
1143,-0.7210439818631715,-1.9089004016932969,9.228975477339063,2021-06-15 16:47:38.905
1144,-1.0403300978301557,-1.4632228572505368,9.253310833618265,2021-06-15 16:47:38.795
1145,-1.0403151784798113,-1.9201241868196668,9.74648448552103,2021-06-15 16:47:38.695
1146,-0.6359085567540319,-2.249883896918457,9.759996363222747,2021-06-15 16:47:38.595
1147,-0.9743780651163303,-2.081130392510433,10.144766248953578,2021-06-15 16:47:38.494
1148,-0.7997669811210377,-1.9674641387360126,9.406671371584704,2021-06-15 16:47:38.395
1149,-0.5834494461135011,-1.7302490846421366,9.87765461644393,2021-06-15 16:47:38.285
1150,-0.6879559869168193,-2.0025656747008305,9.834899879946416,2021-06-15 16:47:38.185
1151,-0.7199064415988965,-1.8821140457267473,9.656891965403346,2021-06-15 16:47:38.085
1152,-0.699303233670207,-2.1847622665797815,9.798083458944943,2021-06-15 16:47:37.984
1153,-0.6786340715765222,-2.1482258190074908,10.044832962578699,2021-06-15 16:47:37.874
1154,-0.5969680078400037,-1.8831629305052213,9.510685941325937,2021-06-15 16:47:37.735
